predictions,pred_proba,labels
0,0.1023148148148148,1
0,0.025,1
1,0.9231481481481483,1
0,0.10740740740740738,1
0,0.12083333333333333,0
0,0.13425925925925924,0
1,0.6245370370370371,1
1,0.538888888888889,0
0,0.13472222222222222,0
0,0.1259259259259259,0
0,0.21851851851851853,1
0,0.1736111111111111,0
0,0.21944444444444444,0
0,0.10833333333333334,0
1,0.5384259259259259,1
0,0.11342592592592592,0
0,0.39305555555555555,0
0,0.08194444444444444,0
0,0.01712962962962963,0
0,0.16064814814814815,1
0,0.16944444444444445,0
0,0.03657407407407407,0
0,0.21064814814814814,0
0,0.027777777777777776,0
0,0.044444444444444446,0
0,0.10555555555555556,0
0,0.04722222222222222,1
0,0.07268518518518517,0
0,0.13055555555555556,0
0,0.06944444444444443,0
0,0.25416666666666665,0
0,0.12916666666666668,0
0,0.19166666666666668,0
0,0.018055555555555554,0
0,0.013888888888888888,0
0,0.05416666666666667,0
0,0.1763888888888889,0
0,0.13703703703703707,0
0,0.12916666666666665,0
0,0.1921296296296296,0
0,0.18611111111111106,0
0,0.025,0
0,0.054629629629629625,0
0,0.20416666666666664,0
0,0.125,0
0,0.03425925925925925,0
0,0.2865740740740741,1
0,0.19351851851851853,0
0,0.20833333333333337,1
0,0.10833333333333334,0
1,0.5148148148148148,1
0,0.11527777777777778,0
0,0.30509259259259264,0
0,0.14490740740740743,0
0,0.07824074074074074,0
0,0.02361111111111111,0
0,0.01759259259259259,0
0,0.10601851851851853,0
0,0.04999999999999999,0
0,0.024537037037037038,0
0,0.30185185185185187,0
0,0.06574074074074074,0
0,0.09814814814814815,0
0,0.12685185185185185,0
1,0.5819444444444445,1
0,0.08425925925925926,0
0,0.09305555555555556,0
0,0.4217592592592593,1
0,0.2856481481481481,0
0,0.010185185185185184,0
0,0.0837962962962963,0
0,0.14166666666666666,0
0,0.33055555555555555,1
0,0.10370370370370371,0
0,0.2657407407407407,0
0,0.2837962962962963,0
0,0.2273148148148148,0
0,0.027777777777777776,0
0,0.3115740740740741,0
0,0.09999999999999998,0
0,0.08518518518518518,0
0,0.24074074074074073,0
0,0.0449074074074074,0
0,0.15324074074074073,0
0,0.06249999999999999,0
0,0.03935185185185185,0
0,0.07407407407407407,0
0,0.12407407407407407,0
0,0.14907407407407408,0
0,0.09768518518518518,0
0,0.3925925925925926,0
1,0.4907407407407408,1
0,0.28055555555555556,0
1,0.6236111111111111,1
0,0.18287037037037035,0
0,0.32453703703703707,0
0,0.02268518518518519,0
0,0.3111111111111111,0
0,0.03935185185185185,0
0,0.21296296296296297,0
0,0.12546296296296297,0
0,0.08750000000000001,0
0,0.17314814814814816,0
0,0.15833333333333335,0
0,0.08101851851851852,0
0,0.06712962962962964,0
0,0.03981481481481481,0
0,0.17916666666666667,0
0,0.06527777777777778,0
1,0.7481481481481482,1
0,0.24722222222222218,1
1,0.6092592592592592,1
0,0.0125,0
0,0.2240740740740741,0
0,0.03703703703703704,0
0,0.0,0
0,0.06944444444444445,0
0,0.009722222222222222,0
0,0.009722222222222222,0
0,0.027777777777777776,0
0,0.006944444444444444,0
0,0.08287037037037037,0
0,0.015277777777777777,0
0,0.017129629629629627,0
0,0.029166666666666667,0
0,0.06342592592592593,0
1,0.7481481481481482,1
0,0.24722222222222218,1
1,0.6124999999999999,1
0,0.0,0
0,0.048148148148148155,0
0,0.0976851851851852,0
0,0.12083333333333333,0
0,0.374537037037037,0
1,0.5199074074074075,1
0,0.09814814814814814,0
0,0.1175925925925926,0
0,0.05694444444444446,0
0,0.07916666666666666,0
0,0.1527777777777778,0
0,0.06759259259259259,0
0,0.32037037037037036,0
0,0.21666666666666667,0
0,0.1398148148148148,0
0,0.24166666666666667,0
0,0.1300925925925926,0
0,0.09027777777777778,0
0,0.1708333333333333,0
0,0.13888888888888887,0
0,0.20509259259259266,0
0,0.06898148148148149,0
0,0.04351851851851852,0
0,0.3731481481481482,1
0,0.22453703703703703,0
0,0.10138888888888889,0
0,0.07638888888888888,0
0,0.01574074074074074,0
0,0.1462962962962963,0
0,0.13148148148148148,0
0,0.1523148148148148,0
0,0.0125,0
0,0.2601851851851852,0
0,0.006944444444444444,0
0,0.016666666666666666,0
0,0.075,0
0,0.02037037037037037,0
0,0.39444444444444443,0
0,0.11805555555555555,0
0,0.3300925925925926,0
0,0.08425925925925926,0
0,0.10694444444444444,0
0,0.11851851851851854,0
0,0.21944444444444441,0
0,0.1898148148148148,0
0,0.0699074074074074,0
0,0.04120370370370371,0
0,0.01435185185185185,0
0,0.1375,0
0,0.3527777777777778,1
0,0.0,0
0,0.250462962962963,0
0,0.1476851851851852,0
0,0.10046296296296296,0
0,0.10185185185185185,0
0,0.07731481481481482,0
0,0.21481481481481476,0
0,0.400462962962963,1
0,0.25740740740740736,0
0,0.2305555555555555,0
1,0.775462962962963,1
0,0.3490740740740741,1
0,0.0875,0
0,0.07037037037037037,0
0,0.2768518518518519,0
0,0.13518518518518519,0
0,0.07037037037037037,0
0,0.2768518518518519,0
0,0.13518518518518519,0
0,0.1763888888888889,0
0,0.04351851851851852,0
0,0.17175925925925922,0
0,0.175,0
0,0.12175925925925926,0
0,0.08611111111111112,0
0,0.11574074074074073,0
0,0.24305555555555555,0
0,0.18240740740740738,0
0,0.05324074074074074,0
1,0.5523148148148148,0
0,0.26620370370370366,0
0,0.3023148148148148,0
0,0.32962962962962966,0
0,0.3819444444444444,0
0,0.20416666666666664,0
0,0.16064814814814815,0
0,0.38148148148148153,0
0,0.21064814814814817,1
0,0.37083333333333335,0
0,0.06898148148148149,0
0,0.23009259259259263,0
0,0.2296296296296296,0
0,0.23611111111111108,0
0,0.062037037037037036,0
0,0.24861111111111114,0
0,0.049074074074074076,0
0,0.4013888888888889,0
0,0.18564814814814817,0
0,0.20972222222222217,0
0,0.18796296296296297,0
0,0.11712962962962963,0
0,0.1898148148148148,0
0,0.18055555555555555,0
0,0.2023148148148148,0
0,0.10601851851851853,0
0,0.058333333333333334,1
0,0.17083333333333336,0
0,0.18333333333333332,1
0,0.2634259259259259,0
0,0.10370370370370371,0
1,0.5518518518518519,1
0,0.25972222222222224,0
0,0.199537037037037,1
1,0.8907407407407406,1
1,0.8134259259259259,1
0,0.21157407407407408,0
1,0.6625000000000002,0
1,0.5856481481481481,1
1,0.7828703703703703,1
0,0.2898148148148148,0
0,0.4055555555555556,0
0,0.09074074074074076,0
0,0.18101851851851852,0
0,0.17777777777777778,0
0,0.20555555555555555,0
0,0.14907407407407408,0
0,0.16527777777777777,0
0,0.1759259259259259,0
0,0.17175925925925922,0
0,0.11620370370370371,0
1,0.6550925925925926,1
0,0.425,0
0,0.05787037037037038,0
0,0.07777777777777777,0
0,0.054629629629629625,0
0,0.0,0
0,0.44166666666666665,0
0,0.2263888888888889,0
0,0.37361111111111117,0
0,0.25740740740740736,0
0,0.3087962962962963,0
1,0.5472222222222223,1
0,0.10416666666666667,0
0,0.14212962962962963,0
0,0.08935185185185185,0
0,0.3370370370370371,0
0,0.03888888888888889,0
0,0.2592592592592592,0
0,0.3050925925925926,0
0,0.1324074074074074,0
0,0.13194444444444445,0
0,0.12314814814814813,0
0,0.24768518518518515,0
0,0.17175925925925928,0
0,0.10509259259259258,0
0,0.32499999999999996,0
0,0.14907407407407408,0
0,0.08518518518518518,0
0,0.23750000000000004,0
0,0.11805555555555555,0
0,0.0875,0
0,0.053240740740740734,0
0,0.05648148148148148,0
0,0.1324074074074074,0
0,0.2273148148148148,0
0,0.1685185185185185,0
0,0.1449074074074074,0
0,0.26620370370370366,0
0,0.45416666666666666,0
0,0.4217592592592593,0
0,0.1763888888888889,0
1,0.6032407407407407,1
0,0.04861111111111111,0
0,0.03425925925925926,0
1,0.7712962962962961,0
0,0.24953703703703706,0
0,0.2393518518518519,0
0,0.1310185185185185,0
0,0.12037037037037038,0
0,0.07731481481481482,0
1,0.48657407407407405,0
0,0.19675925925925927,0
0,0.26805555555555555,0
0,0.24398148148148147,0
0,0.027314814814814816,0
0,0.2893518518518518,0
1,0.5768518518518518,1
0,0.057870370370370364,0
0,0.020833333333333332,0
0,0.11712962962962964,0
0,0.04953703703703703,0
0,0.06435185185185187,0
0,0.12361111111111112,0
0,0.12916666666666668,0
0,0.11666666666666664,0
0,0.10046296296296296,0
0,0.2865740740740741,0
0,0.061574074074074066,0
0,0.054629629629629625,0
0,0.35555555555555557,0
0,0.4092592592592592,1
0,0.12453703703703704,0
0,0.11157407407407409,0
0,0.18055555555555555,0
0,0.08148148148148147,0
0,0.015277777777777777,0
0,0.001388888888888889,0
0,0.052314814814814814,0
0,0.16388888888888886,0
0,0.04768518518518519,0
0,0.04583333333333333,0
0,0.17870370370370364,0
0,0.2037037037037037,0
0,0.044444444444444446,0
0,0.2361111111111111,0
0,0.13055555555555556,0
0,0.14074074074074075,0
0,0.24907407407407411,0
0,0.19027777777777777,0
0,0.1125,0
0,0.03425925925925925,0
0,0.00324074074074074,0
0,0.054629629629629625,0
0,0.1486111111111111,0
0,0.08564814814814815,0
0,0.0925925925925926,0
0,0.3560185185185185,0
0,0.13935185185185184,0
0,0.04907407407407407,0
0,0.015277777777777777,0
0,0.04398148148148148,0
0,0.06296296296296296,0
0,0.06759259259259259,0
0,0.22175925925925924,0
0,0.006944444444444444,0
0,0.12916666666666668,0
0,0.10277777777777777,0
0,0.07916666666666666,0
0,0.07453703703703704,0
0,0.07175925925925926,0
0,0.23101851851851848,0
0,0.2671296296296296,0
0,0.030092592592592594,0
0,0.10601851851851851,0
0,0.2240740740740741,0
0,0.2240740740740741,0
0,0.07222222222222223,0
0,0.2189814814814815,0
0,0.004166666666666667,0
0,0.055092592592592596,0
1,0.49583333333333324,1
0,0.1050925925925926,0
0,0.11712962962962967,0
1,0.8180555555555554,1
0,0.28148148148148144,0
0,0.036574074074074064,0
0,0.23981481481481481,0
0,0.13518518518518519,0
0,0.14398148148148146,0
0,0.2361111111111111,0
0,0.2569444444444444,0
0,0.37546296296296294,0
0,0.461574074074074,0
1,0.5453703703703703,1
1,0.5694444444444444,1
1,0.6675925925925927,0
1,0.7111111111111111,1
0,0.1972222222222222,0
1,0.5819444444444445,1
1,0.5842592592592593,1
0,0.2273148148148148,0
1,0.7439814814814815,0
0,0.11805555555555554,0
0,0.2337962962962963,0
0,0.2611111111111111,0
0,0.32962962962962966,0
0,0.24074074074074076,1
0,0.1388888888888889,0
1,0.9157407407407406,1
1,0.600462962962963,1
0,0.06898148148148149,0
0,0.013425925925925924,0
0,0.11249999999999998,0
0,0.3,0
1,0.5652777777777779,0
0,0.027777777777777776,0
0,0.09814814814814815,0
1,0.7430555555555556,1
1,0.4810185185185185,1
1,0.5898148148148148,1
0,0.2754629629629629,0
0,0.11898148148148147,0
0,0.013888888888888888,0
0,0.28425925925925927,0
0,0.25324074074074077,0
0,0.1324074074074074,0
0,0.09444444444444444,0
0,0.016203703703703703,0
0,0.1550925925925926,0
0,0.02361111111111111,0
0,0.0699074074074074,0
0,0.10740740740740742,0
0,0.04768518518518518,0
0,0.008333333333333333,0
0,0.02175925925925926,0
0,0.009722222222222222,0
0,0.10092592592592592,0
0,0.18379629629629626,0
0,0.20324074074074072,0
0,0.07361111111111111,0
0,0.07777777777777778,0
0,0.2,1
0,0.18888888888888888,0
0,0.1824074074074074,0
0,0.018055555555555554,0
0,0.2175925925925926,0
0,0.13333333333333333,0
0,0.07361111111111113,0
1,0.48842592592592593,0
0,0.0962962962962963,0
0,0.34490740740740744,0
0,0.3333333333333333,0
0,0.2657407407407408,0
0,0.1763888888888889,0
0,0.25416666666666665,0
0,0.10509259259259258,0
0,0.07407407407407408,0
0,0.04907407407407407,0
0,0.07916666666666666,0
0,0.04583333333333333,0
0,0.04722222222222222,0
0,0.08472222222222223,0
0,0.06203703703703704,0
0,0.03518518518518518,0
0,0.04722222222222222,0
0,0.0574074074074074,0
0,0.016203703703703703,0
0,0.038425925925925926,0
0,0.045370370370370366,0
0,0.07916666666666666,0
0,0.06203703703703704,0
0,0.4736111111111111,1
0,0.3199074074074075,0
1,0.9152777777777777,1
0,0.1597222222222222,0
0,0.22222222222222218,0
0,0.12777777777777777,0
0,0.13379629629629627,0
0,0.0,0
0,0.03148148148148148,0
0,0.06064814814814815,0
0,0.15324074074074076,0
0,0.08055555555555553,0
0,0.16944444444444445,0
0,0.04259259259259259,0
0,0.25277777777777777,0
0,0.14444444444444443,0
0,0.12407407407407407,0
0,0.09907407407407406,0
0,0.06481481481481483,0
0,0.2125,0
0,0.42314814814814816,0
1,0.7347222222222223,1
0,0.09675925925925924,0
0,0.17314814814814813,0
0,0.20648148148148146,0
0,0.2671296296296296,0
0,0.2421296296296296,0
0,0.0638888888888889,0
0,0.048148148148148155,0
0,0.001388888888888889,0
0,0.09861111111111111,0
0,0.0875,0
0,0.12175925925925926,0
0,0.1587962962962963,0
0,0.07083333333333335,0
0,0.06342592592592593,0
0,0.3699074074074074,0
0,0.13333333333333333,0
0,0.175462962962963,0
0,0.0625,0
0,0.21157407407407408,0
0,0.35879629629629634,0
0,0.11898148148148147,0
0,0.18888888888888888,0
0,0.375,0
0,0.27037037037037037,0
1,0.9296296296296295,1
0,0.17731481481481481,0
1,0.6222222222222222,0
0,0.02361111111111111,0
0,0.07314814814814814,0
0,0.3958333333333333,0
0,0.3518518518518519,0
0,0.20138888888888892,0
0,0.20370370370370372,0
0,0.21805555555555556,0
0,0.14675925925925926,0
0,0.04259259259259259,0
1,0.6060185185185186,0
0,0.042129629629629635,0
0,0.2805555555555555,0
0,0.0125,0
0,0.24305555555555555,0
0,0.0662037037037037,0
0,0.33842592592592596,0
0,0.2060185185185185,0
0,0.1824074074074074,0
0,0.13935185185185187,0
0,0.10972222222222222,0
0,0.17175925925925925,0
0,0.2148148148148148,0
0,0.031481481481481485,0
0,0.02546296296296296,0
0,0.09722222222222222,0
0,0.12916666666666668,0
0,0.12175925925925926,0
0,0.2569444444444444,0
0,0.007407407407407407,0
0,0.1949074074074074,0
0,0.004166666666666667,0
0,0.08287037037037037,0
0,0.2986111111111111,0
0,0.14629629629629629,0
0,0.021296296296296296,0
0,0.05324074074074074,0
0,0.05277777777777778,0
0,0.02638888888888889,0
0,0.05185185185185186,0
0,0.03935185185185185,0
0,0.2078703703703704,0
0,0.08055555555555556,0
0,0.4356481481481482,1
0,0.32592592592592595,1
0,0.23703703703703707,0
0,0.3393518518518518,0
0,0.2560185185185185,0
0,0.06342592592592593,0
0,0.016203703703703703,0
0,0.04861111111111111,0
0,0.3064814814814815,0
0,0.02175925925925926,0
0,0.007407407407407407,0
0,0.07407407407407408,0
0,0.34074074074074073,0
0,0.0763888888888889,0
0,0.1925925925925926,0
0,0.06018518518518519,0
1,0.5120370370370371,0
1,0.8083333333333331,1
0,0.12638888888888888,0
0,0.18796296296296294,0
0,0.2555555555555555,0
1,0.5601851851851851,1
0,0.09675925925925924,0
0,0.010648148148148148,0
0,0.15555555555555556,0
0,0.3425925925925926,0
0,0.0787037037037037,0
0,0.03101851851851852,0
0,0.1953703703703704,0
0,0.010185185185185184,0
0,0.05138888888888888,0
0,0.0662037037037037,0
0,0.04583333333333333,0
0,0.11203703703703702,0
0,0.02824074074074074,0
0,0.10231481481481482,0
0,0.20694444444444443,0
1,0.4754629629629629,1
0,0.0962962962962963,0
0,0.00324074074074074,0
0,0.07962962962962962,0
0,0.16342592592592592,0
0,0.30092592592592593,0
0,0.0949074074074074,0
0,0.10462962962962964,0
0,0.09074074074074073,0
0,0.36944444444444446,0
0,0.26203703703703707,0
0,0.0125,0
0,0.12361111111111113,0
0,0.2490740740740741,0
0,0.1398148148148148,0
0,0.009722222222222222,0
0,0.11620370370370368,0
0,0.24814814814814817,0
0,0.0925925925925926,0
0,0.2847222222222222,0
0,0.17638888888888887,0
0,0.03611111111111111,0
0,0.12731481481481483,0
0,0.2810185185185185,0
0,0.016666666666666666,0
0,0.03749999999999999,0
0,0.14074074074074072,0
0,0.02824074074074074,0
0,0.3768518518518518,1
0,0.22685185185185186,0
0,0.35740740740740745,0
0,0.24305555555555555,0
0,0.1324074074074074,0
0,0.08194444444444444,0
0,0.2949074074074074,0
1,0.5828703703703704,1
0,0.4361111111111111,1
0,0.275,0
0,0.2555555555555555,0
1,0.5930555555555556,0
0,0.21296296296296297,0
0,0.20138888888888884,0
0,0.019444444444444445,0
0,0.07777777777777778,0
0,0.04212962962962963,0
0,0.25046296296296294,0
0,0.4185185185185184,0
0,0.13194444444444442,0
0,0.1828703703703704,0
0,0.14305555555555555,0
0,0.1537037037037037,0
0,0.22592592592592595,1
0,0.25972222222222224,0
1,0.9643518518518519,1
0,0.19722222222222222,0
0,0.14305555555555555,0
0,0.14212962962962963,0
0,0.1449074074074074,0
0,0.28981481481481486,0
0,0.12685185185185185,0
0,0.0662037037037037,0
0,0.07361111111111111,0
0,0.0625,0
0,0.09074074074074076,0
0,0.04027777777777778,0
0,0.16574074074074074,0
0,0.028240740740740743,0
0,0.0,0
0,0.10046296296296296,0
0,0.19537037037037036,0
0,0.10925925925925926,0
0,0.1527777777777778,0
0,0.033796296296296297,0
0,0.12222222222222222,0
0,0.19259259259259262,0
0,0.20046296296296298,0
0,0.09259259259259257,0
0,0.10555555555555556,0
1,0.5805555555555556,0
0,0.10092592592592592,0
1,0.6356481481481482,1
1,0.624074074074074,1
0,0.3013888888888889,1
0,0.05925925925925927,1
0,0.1787037037037037,0
0,0.12870370370370368,0
0,0.2958333333333334,0
0,0.1550925925925926,0
1,0.6212962962962962,0
0,0.1759259259259259,0
0,0.19351851851851848,0
0,0.16805555555555554,0
0,0.07129629629629629,0
0,0.16944444444444445,0
0,0.02592592592592592,0
0,0.1425925925925926,0
0,0.01990740740740741,0
1,0.8814814814814814,1
0,0.002777777777777778,0
0,0.02824074074074074,0
0,0.07546296296296297,0
0,0.08101851851851852,0
0,0.15277777777777776,0
1,0.49166666666666664,0
0,0.20787037037037034,0
0,0.15000000000000002,0
1,0.6824074074074075,0
0,0.23518518518518516,0
0,0.1662037037037037,0
0,0.21064814814814814,0
0,0.041666666666666664,0
0,0.004166666666666667,0
0,0.2087962962962963,0
0,0.10787037037037035,0
0,0.23148148148148145,0
0,0.2689814814814815,0
0,0.1574074074074074,0
0,0.4555555555555555,0
0,0.2962962962962963,0
0,0.11898148148148147,0
0,0.2180555555555555,0
0,0.18657407407407406,0
0,0.05555555555555555,0
0,0.12175925925925926,0
0,0.001388888888888889,0
0,0.0,0
0,0.3375,0
0,0.21157407407407408,0
0,0.3527777777777778,0
0,0.06944444444444445,0
0,0.060648148148148145,0
0,0.02638888888888889,0
0,0.22824074074074072,0
1,0.5351851851851853,1
0,0.04907407407407407,0
0,0.018055555555555554,0
1,0.8680555555555556,1
0,0.30416666666666664,1
0,0.44722222222222213,0
0,0.09907407407407405,0
0,0.10138888888888889,0
0,0.1,0
0,0.11296296296296296,0
0,0.07777777777777778,0
0,0.09351851851851851,0
0,0.02361111111111111,0
0,0.29907407407407405,0
0,0.24583333333333332,0
0,0.13842592592592592,0
0,0.17685185185185187,0
0,0.34629629629629627,0
0,0.09907407407407409,0
0,0.052314814814814814,0
1,0.6199074074074074,1
0,0.01574074074074074,0
0,0.4412037037037037,1
0,0.08564814814814815,0
0,0.22870370370370374,0
0,0.1907407407407407,0
0,0.3935185185185185,0
0,0.12268518518518517,0
0,0.27638888888888885,0
0,0.09768518518518518,0
0,0.25324074074074066,0
0,0.3435185185185185,0
0,0.15,0
0,0.06018518518518519,0
0,0.08518518518518518,0
0,0.21712962962962964,0
0,0.17037037037037037,0
0,0.11064814814814815,0
0,0.2467592592592593,0
0,0.46574074074074073,1
0,0.437037037037037,1
0,0.11990740740740741,0
1,0.6189814814814815,1
0,0.30833333333333335,1
1,0.7462962962962962,1
1,0.7328703703703703,1
1,0.5351851851851851,1
1,0.5287037037037037,1
0,0.27777777777777773,1
0,0.31712962962962965,1
1,0.5773148148148148,0
0,0.22824074074074074,0
0,0.14583333333333331,0
0,0.22592592592592595,0
0,0.0685185185185185,0
0,0.35462962962962963,0
0,0.16805555555555557,0
0,0.35833333333333334,0
0,0.05694444444444444,0
0,0.14629629629629629,0
0,0.02546296296296296,0
0,0.08657407407407408,0
0,0.052777777777777785,0
0,0.3023148148148148,0
0,0.1310185185185185,0
0,0.17685185185185187,0
0,0.16898148148148148,0
1,0.7578703703703705,1
1,0.610648148148148,0
1,0.7458333333333333,1
0,0.14629629629629626,0
0,0.1375,0
0,0.2263888888888889,0
0,0.18148148148148152,0
0,0.25879629629629625,0
0,0.13518518518518519,0
1,0.5023148148148149,1
1,0.5541666666666667,0
0,0.1763888888888889,0
0,0.3541666666666667,0
0,0.2689814814814815,0
0,0.11018518518518518,0
0,0.1324074074074074,0
0,0.0685185185185185,0
0,0.3902777777777778,0
0,0.23935185185185187,0
0,0.06388888888888888,0
0,0.17731481481481481,0
0,0.20462962962962963,0
1,0.8981481481481481,1
1,0.8162037037037038,1
0,0.03240740740740741,0
0,0.12546296296296294,0
0,0.016203703703703703,0
0,0.24814814814814817,0
0,0.16944444444444443,0
0,0.43472222222222223,1
1,0.6712962962962964,1
0,0.02546296296296296,0
0,0.06759259259259259,0
0,0.12546296296296294,1
0,0.3449074074074074,0
0,0.25601851851851853,0
0,0.31527777777777777,0
0,0.058333333333333334,0
0,0.04398148148148148,0
0,0.17314814814814816,0
1,0.8837962962962962,1
1,0.4833333333333333,1
0,0.3162037037037037,0
0,0.3685185185185186,0
1,0.6148148148148148,0
0,0.175,0
1,0.7592592592592592,1
1,0.4935185185185186,1
1,0.6412037037037036,1
0,0.3134259259259259,1
0,0.31157407407407406,0
1,0.5449074074074075,0
0,0.0712962962962963,0
0,0.10509259259259258,0
0,0.23101851851851848,0
0,0.30694444444444446,0
0,0.27824074074074073,0
0,0.18842592592592594,0
0,0.24537037037037035,0
0,0.2189814814814815,0
0,0.15185185185185185,0
0,0.12962962962962962,0
0,0.21342592592592596,0
0,0.3597222222222222,0
0,0.4597222222222223,0
0,0.33194444444444443,0
0,0.09768518518518518,0
0,0.03888888888888888,0
0,0.38009259259259254,0
0,0.23379629629629628,0
1,0.5064814814814815,1
0,0.28981481481481475,0
0,0.18796296296296297,0
0,0.2870370370370371,0
0,0.07916666666666666,0
0,0.12222222222222222,0
0,0.060648148148148145,0
0,0.30092592592592593,0
0,0.11620370370370371,0
0,0.22314814814814812,0
0,0.12638888888888886,0
0,0.1273148148148148,0
0,0.4393518518518518,0
0,0.24953703703703706,0
0,0.16064814814814812,0
0,0.16712962962962963,0
0,0.33518518518518514,0
0,0.22083333333333333,0
0,0.27592592592592596,0
0,0.21296296296296294,0
0,0.12685185185185185,0
0,0.0662037037037037,0
0,0.15046296296296297,0
0,0.25648148148148153,0
0,0.29768518518518516,0
0,0.2328703703703704,0
0,0.3462962962962963,0
1,0.6981481481481483,1
0,0.1125,0
0,0.20092592592592595,0
0,0.07777777777777779,0
0,0.018055555555555554,0
0,0.008333333333333333,0
0,0.1175925925925926,0
1,0.537037037037037,0
0,0.03611111111111111,0
0,0.26342592592592595,0
0,0.031018518518518518,0
0,0.1175925925925926,0
0,0.23657407407407408,0
0,0.44444444444444436,0
0,0.4342592592592593,0
0,0.05694444444444444,0
0,0.21203703703703702,0
0,0.387962962962963,0
0,0.14074074074074072,0
0,0.1662037037037037,0
0,0.21666666666666667,0
0,0.3856481481481481,0
0,0.349074074074074,0
0,0.32870370370370366,1
0,0.17824074074074073,0
1,0.4884259259259259,0
0,0.45972222222222214,0
0,0.2611111111111111,0
0,0.4097222222222222,1
0,0.1986111111111111,0
1,0.7449074074074074,0
1,0.4782407407407407,1
1,0.8444444444444444,1
0,0.1986111111111111,1
0,0.18472222222222223,1
0,0.2555555555555556,0
0,0.22361111111111112,0
0,0.3078703703703704,0
0,0.2527777777777778,0
0,0.288425925925926,0
1,0.5212962962962964,0
0,0.26620370370370366,0
0,0.038425925925925926,0
1,0.6365740740740741,1
1,0.6759259259259258,1
0,0.049537037037037046,0
0,0.034722222222222224,0
0,0.03194444444444444,0
0,0.01435185185185185,0
0,0.04629629629629629,0
0,0.07685185185185185,0
0,0.273611111111111,0
0,0.11157407407407406,0
0,0.07453703703703704,0
0,0.19166666666666668,0
0,0.05601851851851853,0
0,0.4074074074074074,0
0,0.23703703703703702,0
0,0.08888888888888889,0
0,0.21990740740740738,0
0,0.25138888888888883,0
0,0.16342592592592592,0
0,0.19490740740740742,0
0,0.36759259259259264,1
0,0.0,0
0,0.35879629629629634,0
0,0.053240740740740734,0
0,0.14074074074074072,0
0,0.36620370370370364,0
0,0.16898148148148145,0
0,0.1388888888888889,0
0,0.1763888888888889,0
0,0.07314814814814814,0
0,0.1,0
0,0.07037037037037037,0
1,0.6504629629629629,1
1,0.6069444444444444,1
0,0.2921296296296297,1
0,0.40324074074074073,0
1,0.5800925925925925,0
0,0.23148148148148145,0
1,0.5569444444444446,1
1,0.5370370370370371,1
0,0.03148148148148148,0
0,0.42268518518518516,0
0,0.05555555555555555,0
0,0.00324074074074074,0
0,0.09953703703703702,0
0,0.4250000000000001,0
0,0.1625,0
0,0.07268518518518519,0
0,0.3425925925925926,0
1,0.5907407407407409,1
0,0.2657407407407408,0
1,0.7416666666666667,1
0,0.4092592592592592,0
0,0.2023148148148148,1
0,0.0,0
0,0.30092592592592593,0
1,0.7625,1
0,0.07453703703703704,0
0,0.10694444444444447,0
0,0.15,0
0,0.1152777777777778,0
0,0.22870370370370374,0
0,0.27824074074074073,0
0,0.2296296296296296,0
1,0.5240740740740741,0
0,0.23703703703703702,0
0,0.04027777777777778,0
0,0.09166666666666666,0
0,0.13425925925925927,0
0,0.24490740740740738,0
0,0.2328703703703704,0
0,0.3495370370370371,0
0,0.04027777777777778,0
0,0.3402777777777778,0
1,0.6648148148148147,1
0,0.45092592592592595,0
1,0.6842592592592592,1
0,0.14722222222222223,0
0,0.3375,0
0,0.032407407407407406,0
0,0.20648148148148152,1
0,0.08472222222222223,0
0,0.19814814814814818,0
0,0.2476851851851852,0
0,0.03009259259259259,0
0,0.12175925925925926,0
0,0.1125,0
0,0.3703703703703704,0
0,0.12592592592592594,0
0,0.16342592592592592,0
0,0.018055555555555554,0
0,0.21805555555555559,0
0,0.21250000000000005,0
0,0.06666666666666667,0
0,0.21296296296296297,0
0,0.12361111111111112,0
0,0.019444444444444445,0
0,0.0875,0
0,0.1625,0
0,0.20046296296296298,0
0,0.16666666666666669,0
0,0.2763888888888889,0
0,0.11851851851851851,0
0,0.08842592592592592,0
0,0.16666666666666666,0
0,0.3768518518518519,1
0,0.14907407407407408,0
0,0.08518518518518518,0
0,0.3259259259259259,0
0,0.25833333333333336,0
0,0.17731481481481481,0
0,0.2361111111111111,0
0,0.2814814814814815,0
1,0.6361111111111111,1
0,0.17685185185185184,0
1,0.6597222222222223,1
1,0.5736111111111112,0
0,0.26388888888888895,0
0,0.4412037037037037,0
0,0.18657407407407406,0
0,0.1842592592592593,0
0,0.0861111111111111,0
0,0.05787037037037038,0
0,0.002777777777777778,0
0,0.10694444444444443,0
0,0.002777777777777778,0
0,0.06527777777777778,0
0,0.13935185185185184,0
0,0.03287037037037037,0
0,0.20185185185185184,0
1,0.6282407407407408,1
0,0.437962962962963,1
0,0.1513888888888889,0
0,0.22638888888888886,0
0,0.16388888888888886,0
0,0.02175925925925926,0
0,0.03333333333333333,0
0,0.09675925925925927,0
0,0.33842592592592596,0
0,0.10462962962962963,0
0,0.125,0
0,0.35787037037037034,0
0,0.45833333333333326,1
0,0.05,0
0,0.060648148148148145,0
0,0.09259259259259257,0
0,0.38055555555555554,0
0,0.10694444444444444,0
0,0.18703703703703703,0
0,0.137037037037037,0
0,0.2625,0
0,0.1263888888888889,0
0,0.11527777777777776,0
0,0.16203703703703703,0
0,0.02175925925925926,0
0,0.1990740740740741,0
0,0.2111111111111111,0
0,0.17824074074074076,0
0,0.10833333333333334,0
0,0.1111111111111111,0
0,0.16898148148148145,0
0,0.3611111111111112,1
1,0.6152777777777778,1
1,0.7157407407407409,1
1,0.6967592592592593,1
0,0.04768518518518518,0
0,0.05925925925925927,0
0,0.016203703703703703,0
0,0.2949074074074074,1
1,0.6898148148148149,1
0,0.016666666666666666,0
0,0.19166666666666668,0
0,0.08842592592592594,0
0,0.09166666666666666,0
0,0.3458333333333333,0
0,0.30277777777777776,0
0,0.10046296296296296,0
0,0.35833333333333334,0
0,0.018055555555555554,0
0,0.05555555555555555,0
0,0.033796296296296297,0
0,0.0875,0
0,0.20879629629629626,0
0,0.30879629629629635,0
0,0.0763888888888889,0
0,0.1212962962962963,0
0,0.0018518518518518517,0
0,0.07407407407407407,0
0,0.011574074074074075,0
0,0.001388888888888889,0
0,0.12592592592592594,0
0,0.10138888888888889,0
0,0.0125,0
0,0.002777777777777778,0
0,0.04212962962962963,0
0,0.03194444444444444,0
1,0.5250000000000001,0
0,0.1111111111111111,0
0,0.33379629629629626,1
0,0.13287037037037036,1
0,0.25555555555555554,0
0,0.07453703703703704,0
0,0.13472222222222222,0
0,0.17685185185185184,0
0,0.42037037037037034,1
1,0.9865740740740739,1
0,0.437962962962963,1
0,0.06898148148148149,0
0,0.08611111111111111,0
0,0.11712962962962963,0
1,0.5087962962962963,1
0,0.16296296296296295,0
0,0.11805555555555555,0
0,0.28981481481481475,1
0,0.28194444444444444,0
1,0.8365740740740741,0
0,0.08703703703703704,0
0,0.004629629629629629,0
0,0.027777777777777776,0
0,0.059259259259259255,0
0,0.03425925925925925,0
0,0.3087962962962963,0
1,0.5347222222222222,1
0,0.4393518518518518,0
1,0.6171296296296296,1
0,0.06296296296296297,0
0,0.1222222222222222,0
1,0.6578703703703704,1
0,0.0763888888888889,0
1,0.7550925925925926,0
1,0.7222222222222222,0
0,0.4268518518518518,0
0,0.024074074074074074,0
0,0.0699074074074074,0
0,0.29259259259259257,0
0,0.13425925925925924,0
0,0.10555555555555554,0
0,0.2185185185185185,0
0,0.1296296296296296,0
0,0.0625,0
0,0.2972222222222222,0
1,0.75,1
0,0.21064814814814814,0
0,0.11435185185185184,0
1,0.6606481481481481,1
0,0.26712962962962966,0
0,0.39629629629629626,0
0,0.07175925925925927,0
0,0.17037037037037037,0
1,0.7773148148148148,1
0,0.12546296296296294,0
0,0.01898148148148148,0
0,0.01851851851851852,0
0,0.006944444444444444,0
0,0.13518518518518516,0
0,0.18657407407407406,0
0,0.137037037037037,0
0,0.15694444444444444,0
0,0.1736111111111111,0
0,0.2490740740740741,0
0,0.20324074074074075,0
0,0.19675925925925927,0
0,0.018055555555555554,0
0,0.18703703703703703,0
0,0.26064814814814813,0
0,0.10833333333333334,0
0,0.2421296296296297,0
0,0.15694444444444444,0
0,0.1708333333333333,0
0,0.16342592592592592,0
0,0.06805555555555555,0
0,0.18055555555555555,0
0,0.038425925925925926,0
0,0.01296296296296296,0
0,0.28657407407407404,0
0,0.4050925925925926,0
0,0.28472222222222227,0
0,0.28194444444444444,0
0,0.035648148148148144,0
0,0.3425925925925926,0
1,0.8800925925925924,1
0,0.09583333333333334,0
0,0.03981481481481481,0
0,0.22129629629629627,0
0,0.0837962962962963,0
0,0.04444444444444444,0
0,0.44722222222222213,0
0,0.1648148148148148,0
0,0.08333333333333334,0
0,0.1337962962962963,0
0,0.055092592592592596,0
0,0.04537037037037038,0
0,0.16481481481481483,0
0,0.10416666666666667,0
0,0.07268518518518517,0
0,0.05972222222222223,0
0,0.07546296296296298,0
0,0.3282407407407408,0
1,0.47592592592592586,1
1,0.8615740740740742,1
0,0.3726851851851852,0
1,0.6222222222222221,1
0,0.049074074074074076,0
0,0.14351851851851855,0
0,0.041666666666666664,0
0,0.0962962962962963,0
0,0.3097222222222222,0
0,0.18055555555555555,0
0,0.11805555555555555,0
0,0.13287037037037036,0
0,0.10092592592592593,0
0,0.3574074074074074,1
0,0.41157407407407415,0
0,0.010648148148148148,0
0,0.3712962962962963,0
0,0.35601851851851857,0
0,0.20694444444444443,0
0,0.04907407407407407,0
0,0.23009259259259257,0
0,0.19722222222222222,0
0,0.17916666666666667,0
0,0.29305555555555557,0
0,0.06342592592592593,0
0,0.4208333333333334,0
0,0.13611111111111113,0
0,0.07731481481481481,0
0,0.05509259259259259,0
0,0.038425925925925926,0
0,0.1759259259259259,0
0,0.3009259259259259,0
0,0.2773148148148148,0
0,0.19537037037037044,0
0,0.13148148148148148,0
0,0.016203703703703703,0
0,0.12592592592592594,0
0,0.3064814814814815,0
0,0.12916666666666668,0
0,0.0925925925925926,0
0,0.4624999999999999,0
0,0.2101851851851852,0
0,0.125,0
0,0.1439814814814815,0
0,0.03101851851851852,0
0,0.31712962962962965,0
1,0.8476851851851852,0
0,0.30324074074074076,1
0,0.20185185185185184,0
0,0.28564814814814815,0
0,0.35185185185185186,0
0,0.31203703703703706,0
0,0.26296296296296295,0
0,0.12129629629629629,0
0,0.2125,0
0,0.3203703703703704,0
0,0.20277777777777778,0
0,0.17916666666666664,0
0,0.2060185185185185,0
0,0.41620370370370374,1
0,0.3138888888888889,0
1,0.9648148148148148,1
0,0.10185185185185185,0
1,0.701851851851852,1
0,0.06527777777777778,0
0,0.2328703703703704,0
0,0.17314814814814816,0
0,0.4074074074074074,0
0,0.08287037037037037,0
0,0.28425925925925927,0
0,0.16435185185185183,0
0,0.06342592592592593,0
0,0.05648148148148148,0
0,0.21944444444444441,0
0,0.20324074074074072,0
0,0.08379629629629629,0
0,0.28379629629629627,0
0,0.17916666666666667,0
0,0.2652777777777778,0
0,0.03425925925925925,0
0,0.1,0
0,0.052314814814814814,0
0,0.06203703703703704,0
0,0.05138888888888889,0
0,0.08101851851851852,0
0,0.04027777777777778,0
0,0.14444444444444443,0
0,0.15925925925925927,0
0,0.2828703703703704,0
0,0.16805555555555554,0
0,0.05601851851851852,0
0,0.26296296296296295,0
0,0.09259259259259257,0
0,0.10138888888888889,0
0,0.01898148148148148,0
0,0.04027777777777778,0
0,0.18333333333333332,0
0,0.13425925925925924,0
0,0.0375,0
0,0.11574074074074073,0
0,0.04027777777777778,0
0,0.01898148148148148,0
0,0.3162037037037037,0
0,0.011111111111111112,0
0,0.324537037037037,0
1,0.7407407407407408,1
0,0.2601851851851852,1
1,0.9245370370370372,1
1,0.8787037037037038,1
1,0.6583333333333333,1
0,0.1824074074074074,1
1,0.5898148148148147,1
0,0.41481481481481486,1
0,0.3013888888888889,0
0,0.24907407407407406,0
0,0.04675925925925926,0
0,0.004166666666666667,0
0,0.012962962962962964,0
0,0.22361111111111107,0
0,0.39305555555555555,0
0,0.32685185185185184,0
0,0.052314814814814814,0
0,0.054166666666666655,0
0,0.0037037037037037034,0
0,0.0949074074074074,0
0,0.43657407407407406,0
1,0.500925925925926,0
0,0.28009259259259256,0
0,0.13703703703703704,0
0,0.24861111111111112,0
0,0.06342592592592593,0
0,0.06018518518518518,0
0,0.09490740740740743,0
0,0.1587962962962963,0
0,0.005555555555555556,0
0,0.0763888888888889,0
0,0.10740740740740742,0
0,0.006944444444444444,0
0,0.08333333333333333,0
0,0.33009259259259255,0
1,0.7833333333333333,1
0,0.3055555555555556,1
0,0.03009259259259259,0
0,0.09861111111111111,0
0,0.07962962962962962,0
0,0.20787037037037034,0
0,0.08842592592592591,0
0,0.2967592592592592,0
1,0.5444444444444444,0
0,0.16249999999999998,0
0,0.07592592592592592,0
0,0.174537037037037,0
0,0.12546296296296294,0
0,0.06712962962962962,0
0,0.22546296296296295,0
0,0.20277777777777778,0
0,0.03148148148148148,0
1,0.5194444444444445,0
0,0.39444444444444443,0
0,0.12685185185185185,0
0,0.1523148148148148,0
0,0.1509259259259259,0
1,0.5129629629629631,0
0,0.1787037037037037,0
0,0.11574074074074073,0
0,0.15462962962962964,0
0,0.30787037037037035,0
1,0.6134259259259258,1
0,0.30694444444444446,0
0,0.0287037037037037,0
0,0.1574074074074074,0
0,0.14722222222222225,0
0,0.07314814814814816,0
0,0.006944444444444444,0
0,0.10648148148148148,0
0,0.004166666666666667,0
0,0.17731481481481481,0
0,0.23333333333333334,1
0,0.23472222222222222,0
0,0.28981481481481486,1
0,0.004629629629629629,0
0,0.007407407407407407,0
0,0.11666666666666664,0
0,0.08981481481481482,0
0,0.16666666666666666,0
0,0.04814814814814815,0
0,0.1564814814814815,0
0,0.06296296296296297,0
0,0.16944444444444445,0
0,0.11481481481481483,0
0,0.05601851851851851,0
1,0.6046296296296296,1
0,0.0060185185185185185,0
0,0.2199074074074074,1
0,0.11342592592592592,0
0,0.0587962962962963,0
1,0.6013888888888889,1
0,0.09166666666666666,0
0,0.11666666666666667,0
1,0.8513888888888889,1
0,0.41898148148148145,1
0,0.275,0
0,0.39861111111111114,1
0,0.3,1
0,0.2430555555555556,0
0,0.09074074074074076,0
0,0.1282407407407407,0
0,0.19074074074074077,0
0,0.16296296296296295,0
1,0.6648148148148147,1
0,0.0662037037037037,0
0,0.3675925925925925,1
0,0.11064814814814813,0
0,0.2708333333333333,0
0,0.14629629629629629,0
0,0.10694444444444444,0
0,0.02175925925925926,0
0,0.22777777777777777,0
1,0.5166666666666666,1
1,0.5527777777777778,0
0,0.36666666666666664,1
0,0.27361111111111114,0
0,0.2180555555555555,0
0,0.15462962962962962,0
0,0.2444444444444444,0
0,0.4064814814814815,0
0,0.1300925925925926,0
1,0.6287037037037038,1
1,0.6907407407407407,1
0,0.39861111111111114,0
0,0.27083333333333337,0
0,0.22453703703703703,0
0,0.04583333333333333,0
1,0.6930555555555556,1
1,0.5930555555555554,1
0,0.46203703703703697,1
0,0.041666666666666664,0
0,0.34675925925925927,0
1,0.8342592592592593,1
0,0.20324074074074075,0
0,0.059722222222222225,0
0,0.2865740740740741,0
0,0.33194444444444443,1
0,0.13564814814814816,0
0,0.21296296296296297,0
0,0.15231481481481482,0
0,0.07824074074074075,0
0,0.17592592592592593,0
0,0.06574074074074075,0
0,0.34444444444444444,0
0,0.034722222222222224,0
1,0.7694444444444445,1
0,0.17129629629629628,0
0,0.13564814814814816,0
0,0.0837962962962963,0
0,0.09722222222222222,0
0,0.03981481481481481,0
0,0.26620370370370366,0
0,0.09027777777777778,0
0,0.43194444444444446,0
0,0.21712962962962964,0
0,0.24768518518518515,0
0,0.05509259259259258,0
0,0.4199074074074074,0
0,0.02685185185185185,0
0,0.08703703703703704,0
0,0.17314814814814813,0
1,0.7074074074074073,1
0,0.21898148148148155,1
1,0.8504629629629628,1
1,0.7458333333333333,1
1,0.7074074074074073,1
0,0.21898148148148155,1
1,0.8504629629629628,1
1,0.7458333333333333,1
0,0.3763888888888889,0
0,0.3046296296296297,0
0,0.26712962962962966,0
0,0.2671296296296296,0
0,0.1425925925925926,0
0,0.14444444444444443,0
1,0.6782407407407409,0
0,0.1375,0
0,0.26157407407407407,0
0,0.1851851851851852,0
0,0.2648148148148148,0
0,0.1699074074074074,0
0,0.16666666666666666,0
0,0.13333333333333333,0
0,0.044444444444444446,0
0,0.13101851851851853,0
0,0.13796296296296295,0
0,0.2865740740740741,0
0,0.39768518518518525,0
0,0.08796296296296295,0
1,0.7027777777777777,1
0,0.301388888888889,0
0,0.46898148148148144,0
0,0.019444444444444445,0
0,0.1337962962962963,0
0,0.07222222222222223,0
0,0.20185185185185184,0
0,0.06805555555555555,0
1,0.5092592592592593,0
0,0.02916666666666667,0
1,0.8787037037037038,1
1,0.5638888888888889,1
0,0.06064814814814815,0
1,0.7347222222222223,1
0,0.12916666666666668,1
0,0.24074074074074073,1
1,0.7990740740740742,1
0,0.029629629629629627,0
0,0.013888888888888888,0
0,0.137037037037037,0
0,0.008796296296296295,0
0,0.0,0
0,0.40092592592592596,0
0,0.287962962962963,0
1,0.47870370370370363,1
0,0.18518518518518515,0
0,0.024074074074074074,0
1,0.6439814814814814,1
0,0.21712962962962964,0
0,0.2546296296296296,0
0,0.17222222222222222,0
1,0.5388888888888889,1
0,0.2689814814814815,0
1,0.6856481481481481,1
0,0.20370370370370372,0
0,0.25277777777777777,0
0,0.20740740740740746,0
0,0.06712962962962962,0
0,0.1189814814814815,0
0,0.17453703703703702,0
0,0.011574074074074075,0
0,0.32222222222222224,0
0,0.18055555555555555,0
0,0.2907407407407407,0
0,0.015277777777777777,0
0,0.21805555555555556,0
0,0.1296296296296296,0
1,0.5416666666666666,1
0,0.20601851851851855,0
0,0.15416666666666667,0
0,0.24212962962962964,0
0,0.08518518518518518,0
0,0.2,0
0,0.057870370370370364,0
0,0.03287037037037037,0
0,0.11666666666666667,0
0,0.08333333333333334,0
0,0.45000000000000007,0
0,0.04583333333333333,0
0,0.043055555555555555,0
0,0.018055555555555554,0
0,0.18379629629629626,0
0,0.03703703703703704,0
0,0.20601851851851855,0
0,0.24166666666666667,0
0,0.1763888888888889,0
0,0.13425925925925927,0
0,0.14120370370370372,0
0,0.07777777777777778,0
0,0.29999999999999993,0
0,0.4111111111111111,0
0,0.4407407407407407,0
1,0.4810185185185185,0
0,0.04074074074074074,0
1,0.5601851851851852,0
0,0.12685185185185185,0
0,0.3625,0
1,0.75,1
0,0.0736111111111111,0
0,0.1962962962962963,0
0,0.05648148148148148,0
0,0.09259259259259257,0
0,0.08194444444444443,0
0,0.17824074074074073,0
0,0.2745370370370371,0
0,0.0763888888888889,0
0,0.10277777777777776,0
0,0.033333333333333326,0
0,0.28194444444444444,0
0,0.3273148148148148,0
0,0.06481481481481481,0
0,0.0787037037037037,0
1,0.6939814814814815,1
0,0.02361111111111111,0
0,0.12962962962962965,0
0,0.46342592592592596,0
0,0.19629629629629622,0
0,0.1865740740740741,0
0,0.08148148148148149,0
0,0.26435185185185184,0
0,0.20972222222222223,0
0,0.274537037037037,0
0,0.3277777777777778,0
0,0.38796296296296295,0
0,0.07731481481481481,0
0,0.00648148148148148,0
0,0.005555555555555556,0
0,0.09490740740740743,0
0,0.30925925925925923,0
0,0.07777777777777777,0
0,0.4310185185185184,0
1,0.8416666666666667,1
1,0.749074074074074,1
0,0.3412037037037037,1
0,0.15601851851851853,0
1,0.6523148148148148,1
0,0.3537037037037037,1
0,0.2087962962962963,0
1,0.6953703703703703,0
1,0.5657407407407408,1
0,0.12731481481481483,0
1,0.6837962962962962,1
0,0.175462962962963,0
0,0.03703703703703704,0
0,0.14074074074074072,0
0,0.1796296296296296,0
0,0.0898148148148148,0
0,0.33194444444444443,0
0,0.016203703703703703,0
0,0.05324074074074074,0
0,0.16157407407407406,0
0,0.1375,0
0,0.07037037037037036,0
0,0.22824074074074072,0
0,0.08101851851851852,0
0,0.14629629629629634,0
0,0.2046296296296296,0
0,0.10138888888888889,0
0,0.15324074074074076,0
0,0.049074074074074076,0
0,0.35231481481481486,0
0,0.15185185185185185,0
0,0.274074074074074,0
0,0.38703703703703696,1
0,0.45462962962962966,0
0,0.04490740740740741,0
0,0.1300925925925926,0
0,0.28518518518518515,0
0,0.39398148148148143,0
0,0.04027777777777777,0
0,0.22638888888888886,0
0,0.2273148148148148,0
0,0.06111111111111111,0
1,0.5430555555555555,1
0,0.4296296296296296,0
0,0.3263888888888889,0
0,0.2351851851851852,0
1,0.5763888888888888,1
0,0.14074074074074072,0
0,0.2592592592592593,0
1,0.5916666666666667,1
0,0.004629629629629629,0
0,0.44629629629629625,0
0,0.038425925925925926,0
0,0.06574074074074074,0
0,0.1365740740740741,0
0,0.13055555555555556,0
0,0.12314814814814813,0
0,0.25787037037037036,0
0,0.36203703703703705,0
0,0.3046296296296296,0
0,0.2680555555555556,0
0,0.25324074074074077,0
0,0.12870370370370368,0
0,0.18935185185185183,0
0,0.015277777777777777,0
0,0.009259259259259259,0
0,0.2638888888888889,0
0,0.19120370370370368,0
0,0.07268518518518517,0
0,0.3199074074074074,0
0,0.18611111111111112,0
0,0.015277777777777777,0
0,0.02037037037037037,1
0,0.04351851851851852,0
1,0.8212962962962963,1
0,0.007407407407407407,0
0,0.002777777777777778,0
0,0.018055555555555554,0
0,0.032407407407407406,0
0,0.0,0
0,0.0,0
0,0.09305555555555556,0
0,0.00324074074074074,0
0,0.11759259259259258,0
1,0.7703703703703705,1
0,0.014814814814814814,0
0,0.007407407407407407,0
1,0.5212962962962961,0
0,0.4703703703703704,0
0,0.23009259259259257,0
0,0.2240740740740741,0
0,0.14583333333333331,0
0,0.10370370370370369,0
0,0.2731481481481482,0
0,0.16018518518518518,0
0,0.0699074074074074,0
0,0.4444444444444444,0
0,0.1300925925925926,0
0,0.15462962962962962,0
0,0.08935185185185186,0
0,0.08379629629629629,0
0,0.2152777777777778,0
0,0.06944444444444445,0
0,0.1328703703703704,0
0,0.10787037037037038,0
0,0.14212962962962963,0
0,0.13333333333333333,0
0,0.02638888888888889,0
0,0.07870370370370369,0
0,0.1587962962962963,0
0,0.1273148148148148,0
0,0.2962962962962963,0
0,0.031018518518518518,0
1,0.5851851851851851,0
0,0.18472222222222223,0
0,0.05509259259259259,0
0,0.02268518518518519,0
0,0.032407407407407406,0
0,0.4087962962962963,0
0,0.17268518518518522,0
0,0.39537037037037037,0
0,0.07453703703703704,0
0,0.23981481481481481,0
0,0.021296296296296296,0
1,0.7365740740740739,1
0,0.24583333333333332,1
0,0.3685185185185186,0
0,0.2217592592592593,0
1,0.8731481481481482,1
0,0.3453703703703704,0
0,0.08194444444444444,0
0,0.13703703703703704,0
0,0.11435185185185184,0
0,0.2509259259259259,0
0,0.10694444444444444,0
0,0.10092592592592593,0
0,0.15925925925925927,0
0,0.30462962962962964,0
0,0.3856481481481482,0
0,0.2550925925925926,0
0,0.1476851851851852,0
0,0.26296296296296295,0
0,0.2273148148148149,0
0,0.20694444444444443,0
0,0.2023148148148148,0
0,0.03703703703703704,0
0,0.4398148148148148,0
0,0.12824074074074077,0
0,0.15046296296296297,0
0,0.020833333333333332,0
0,0.27685185185185185,0
0,0.11898148148148147,0
0,0.031018518518518518,0
0,0.17546296296296293,0
0,0.4106481481481481,1
0,0.3712962962962963,0
0,0.34768518518518515,0
0,0.4129629629629629,1
0,0.3013888888888889,0
0,0.06944444444444445,0
0,0.46944444444444444,0
1,0.5504629629629629,0
0,0.2125,0
0,0.18657407407407406,0
1,0.49907407407407406,1
0,0.29537037037037034,0
0,0.12083333333333333,0
0,0.05601851851851852,0
0,0.06435185185185184,0
0,0.07592592592592592,0
0,0.2675925925925926,0
0,0.20185185185185187,0
0,0.39629629629629626,0
0,0.1,0
0,0.2699074074074074,0
1,0.8328703703703705,1
0,0.47175925925925927,0
0,0.2712962962962963,1
1,0.5851851851851853,1
0,0.19675925925925924,0
0,0.4347222222222221,0
0,0.2611111111111111,0
0,0.1550925925925926,0
0,0.22592592592592592,0
0,0.4513888888888889,0
1,0.8291666666666667,1
0,0.20185185185185187,0
0,0.37222222222222223,0
1,0.6833333333333331,1
0,0.29629629629629634,0
0,0.16666666666666666,0
0,0.05185185185185184,0
0,0.14861111111111108,0
0,0.399074074074074,0
0,0.22175925925925924,0
0,0.1884259259259259,0
0,0.04444444444444444,0
0,0.1611111111111111,0
0,0.12083333333333332,0
0,0.3277777777777778,0
0,0.2712962962962963,0
0,0.11388888888888889,0
0,0.14629629629629629,0
1,0.5138888888888888,1
0,0.09444444444444443,0
0,0.16805555555555557,0
0,0.29629629629629634,1
0,0.46759259259259256,1
0,0.37222222222222223,0
0,0.12129629629629629,0
0,0.11898148148148147,0
0,0.2435185185185185,0
0,0.13564814814814813,0
0,0.09398148148148147,0
0,0.25046296296296294,0
0,0.41388888888888886,0
0,0.16064814814814815,0
0,0.24490740740740738,0
0,0.11018518518518519,0
0,0.3453703703703704,0
0,0.16759259259259257,0
0,0.03564814814814815,0
0,0.11481481481481483,0
0,0.049074074074074076,0
0,0.028240740740740743,0
0,0.06018518518518518,0
0,0.11527777777777778,0
0,0.12962962962962965,0
0,0.0,0
1,0.48703703703703705,0
0,0.19490740740740742,0
0,0.2666666666666667,1
0,0.22777777777777783,0
0,0.05555555555555555,0
0,0.07222222222222222,0
0,0.11620370370370371,0
0,0.03101851851851852,0
0,0.025462962962962965,0
0,0.05555555555555555,0
0,0.011111111111111112,0
0,0.06435185185185184,0
0,0.1523148148148148,0
0,0.32777777777777783,0
0,0.001388888888888889,0
0,0.25833333333333336,0
0,0.12314814814814813,0
0,0.23194444444444445,0
0,0.013888888888888888,0
0,0.04537037037037038,0
0,0.07222222222222222,0
0,0.06574074074074074,0
0,0.2402777777777778,0
0,0.15185185185185188,0
0,0.04907407407407407,0
0,0.16296296296296295,0
0,0.09907407407407409,0
0,0.16666666666666669,0
0,0.07777777777777777,0
0,0.14027777777777778,0
0,0.008333333333333333,0
0,0.20648148148148146,0
0,0.18194444444444444,0
0,0.03194444444444444,0
1,0.6388888888888888,0
0,0.3416666666666667,0
0,0.4444444444444444,0
0,0.07777777777777778,0
0,0.18703703703703703,0
0,0.04722222222222222,0
0,0.11990740740740741,0
0,0.04722222222222222,0
0,0.14398148148148146,0
0,0.06064814814814815,0
0,0.043055555555555555,0
0,0.17916666666666667,0
0,0.22962962962962968,0
0,0.08472222222222221,0
0,0.05,0
0,0.22777777777777775,0
0,0.05324074074074074,0
0,0.08564814814814814,0
0,0.16203703703703703,0
0,0.022222222222222223,0
0,0.3402777777777778,0
0,0.13425925925925924,0
0,0.05185185185185184,0
0,0.04027777777777777,0
0,0.022222222222222223,0
0,0.02638888888888889,0
0,0.1,0
0,0.12685185185185185,1
0,0.059259259259259255,0
0,0.07592592592592592,0
0,0.13472222222222222,0
0,0.20092592592592592,0
1,0.5212962962962964,1
0,0.09953703703703702,0
0,0.20046296296296298,0
0,0.11435185185185184,0
0,0.09212962962962962,0
0,0.2976851851851852,0
0,0.11620370370370371,0
0,0.17685185185185184,0
0,0.3740740740740741,0
0,0.1300925925925926,0
0,0.07268518518518519,0
1,0.5759259259259261,1
0,0.05046296296296296,0
0,0.09861111111111111,0
0,0.362037037037037,0
0,0.0837962962962963,0
0,0.3226851851851852,0
0,0.2814814814814815,0
0,0.0375,0
0,0.03657407407407407,0
0,0.045370370370370366,0
0,0.009722222222222222,0
0,0.011574074074074072,0
0,0.002777777777777778,0
0,0.06805555555555555,0
0,0.10509259259259258,0
0,0.0962962962962963,0
0,0.024537037037037038,0
0,0.13518518518518519,0
0,0.018055555555555554,0
0,0.002777777777777778,0
0,0.001388888888888889,0
0,0.32129629629629625,0
0,0.11018518518518518,0
0,0.2273148148148148,0
0,0.009259259259259259,0
0,0.2708333333333333,0
0,0.11018518518518518,0
0,0.27268518518518514,0
0,0.021296296296296296,0
0,0.30694444444444446,0
0,0.12222222222222222,0
0,0.12962962962962962,0
0,0.026851851851851856,0
0,0.25277777777777777,0
0,0.1726851851851852,0
0,0.09583333333333334,0
0,0.3638888888888889,0
0,0.15231481481481482,0
0,0.3541666666666667,0
0,0.03101851851851852,0
0,0.004166666666666667,0
0,0.17037037037037037,0
0,0.07407407407407407,0
1,0.4981481481481481,1
0,0.037037037037037035,0
0,0.25138888888888894,0
0,0.0,0
0,0.024537037037037034,0
0,0.12824074074074074,0
0,0.10324074074074076,0
0,0.18240740740740738,0
1,0.5291666666666667,0
0,0.10925925925925925,0
0,0.0462962962962963,0
0,0.1523148148148148,0
0,0.13425925925925924,0
0,0.2134259259259259,0
0,0.10925925925925926,0
0,0.24398148148148147,0
1,0.8050925925925926,1
0,0.025462962962962965,0
0,0.09444444444444444,0
0,0.014351851851851853,0
1,0.637037037037037,1
0,0.04907407407407407,0
1,0.7240740740740741,1
0,0.4157407407407407,0
0,0.04074074074074074,0
0,0.09629629629629631,0
0,0.1884259259259259,0
0,0.01435185185185185,0
0,0.14351851851851852,0
0,0.07129629629629629,0
0,0.14166666666666666,0
0,0.11481481481481483,0
0,0.23240740740740737,0
0,0.043981481481481476,0
0,0.07407407407407408,0
0,0.049074074074074076,0
0,0.18055555555555555,0
0,0.23796296296296301,0
0,0.22037037037037036,0
0,0.11203703703703702,0
0,0.04259259259259259,0
0,0.15833333333333333,0
0,0.26666666666666666,0
0,0.20601851851851855,0
0,0.0,0
1,0.5523148148148148,1
0,0.44583333333333336,0
0,0.3486111111111111,0
0,0.2111111111111111,0
0,0.3495370370370371,0
0,0.29120370370370374,0
0,0.09583333333333334,0
0,0.02037037037037037,0
0,0.16203703703703703,0
0,0.024074074074074078,0
1,0.560648148148148,1
0,0.20277777777777778,0
0,0.14583333333333331,0
0,0.10462962962962964,0
0,0.1310185185185185,0
1,0.7319444444444444,0
0,0.3101851851851852,0
0,0.23055555555555557,0
0,0.01990740740740741,0
0,0.15787037037037038,0
0,0.2611111111111111,0
0,0.0763888888888889,0
0,0.1587962962962963,0
1,0.49351851851851847,1
0,0.2856481481481482,0
0,0.08611111111111111,0
0,0.016666666666666666,0
0,0.008333333333333333,0
0,0.03425925925925926,0
0,0.1328703703703704,0
0,0.09907407407407406,0
0,0.1300925925925926,0
0,0.22407407407407404,0
0,0.19583333333333333,0
0,0.3273148148148148,0
0,0.23148148148148145,0
0,0.12129629629629629,0
0,0.24027777777777778,0
0,0.41851851851851857,1
0,0.21435185185185188,0
0,0.21574074074074076,0
0,0.13333333333333333,0
0,0.04722222222222222,0
0,0.3013888888888889,0
0,0.08888888888888889,0
0,0.006944444444444444,0
0,0.22453703703703703,0
0,0.14305555555555555,0
0,0.14861111111111108,0
0,0.2717592592592593,0
0,0.08194444444444446,0
0,0.32916666666666666,0
0,0.36759259259259264,0
1,0.4875000000000001,0
0,0.2833333333333334,0
0,0.2828703703703704,0
0,0.09305555555555556,0
0,0.15694444444444444,0
1,0.8495370370370371,1
0,0.44305555555555554,0
1,0.702314814814815,1
0,0.3819444444444444,0
0,0.07824074074074074,0
0,0.3134259259259259,0
0,0.175462962962963,0
0,0.27685185185185185,0
0,0.11157407407407406,1
0,0.20925925925925926,0
0,0.2611111111111111,0
0,0.1476851851851852,0
0,0.4671296296296297,0
0,0.06157407407407408,0
0,0.025462962962962965,0
0,0.1810185185185185,0
0,0.3648148148148148,0
1,0.5689814814814815,0
0,0.4217592592592593,0
1,0.701851851851852,1
1,0.7152777777777778,1
1,0.5365740740740741,0
0,0.3689814814814814,0
0,0.2212962962962963,1
0,0.3416666666666667,0
0,0.3143518518518518,0
0,0.17824074074074073,0
0,0.0449074074074074,0
0,0.15833333333333333,0
0,0.004166666666666667,0
0,0.34953703703703703,0
0,0.3893518518518519,0
0,0.1111111111111111,0
1,0.7217592592592592,1
1,0.6171296296296297,1
0,0.3527777777777778,0
0,0.1550925925925926,0
0,0.20509259259259263,0
1,0.476388888888889,1
0,0.3074074074074074,0
1,0.7171296296296296,1
1,0.5550925925925926,1
0,0.21435185185185188,0
0,0.018055555555555554,0
0,0.31990740740740736,0
0,0.12361111111111112,0
0,0.061574074074074066,0
0,0.02824074074074074,0
1,0.8583333333333333,1
1,0.8444444444444446,1
0,0.11851851851851851,0
1,0.7398148148148148,1
0,0.2273148148148148,0
0,0.40231481481481485,0
0,0.26064814814814813,1
0,0.09861111111111111,0
0,0.06018518518518518,0
0,0.17824074074074076,0
0,0.3041666666666667,0
0,0.40138888888888896,0
0,0.19120370370370374,0
0,0.07129629629629632,0
0,0.16388888888888886,0
0,0.001388888888888889,0
0,0.026851851851851856,0
0,0.1439814814814815,0
0,0.2564814814814814,0
0,0.375,1
0,0.11296296296296297,0
0,0.23935185185185187,0
0,0.22361111111111112,0
1,0.8412037037037037,1
0,0.027314814814814813,0
0,0.3861111111111112,0
0,0.2638888888888889,0
0,0.2296296296296296,0
0,0.22685185185185186,0
0,0.02592592592592592,0
0,0.2847222222222223,0
0,0.3393518518518519,0
0,0.1875,0
0,0.1486111111111111,0
0,0.32222222222222224,0
0,0.262037037037037,0
0,0.28888888888888886,0
0,0.1759259259259259,0
1,0.47592592592592586,0
1,0.7569444444444443,0
0,0.2069444444444444,0
0,0.1671296296296296,0
0,0.15416666666666667,0
0,0.05694444444444444,0
0,0.13472222222222222,0
0,0.15138888888888888,0
1,0.5439814814814816,0
0,0.2578703703703704,0
0,0.2509259259259259,0
0,0.42731481481481476,0
0,0.17685185185185184,0
0,0.19907407407407404,0
0,0.26805555555555555,0
0,0.12314814814814813,0
0,0.1712962962962963,0
0,0.1726851851851852,0
0,0.32222222222222224,0
0,0.3768518518518519,0
0,0.15,0
0,0.16712962962962963,0
0,0.21157407407407408,0
0,0.004629629629629629,0
0,0.011111111111111112,0
0,0.075,0
1,0.8074074074074074,1
0,0.19120370370370368,0
0,0.06342592592592593,0
0,0.42777777777777787,0
0,0.3634259259259259,0
0,0.26435185185185184,0
0,0.4462962962962962,0
0,0.010185185185185184,0
1,0.9731481481481481,1
1,0.9597222222222223,1
1,0.9351851851851851,1
0,0.0060185185185185185,0
1,0.8481481481481482,1
1,0.7060185185185185,0
0,0.12175925925925925,0
0,0.10555555555555556,1
0,0.16666666666666666,1
1,0.9759259259259259,1
1,0.9467592592592592,1
0,0.20462962962962963,0
0,0.11157407407407406,0
1,0.6912037037037038,1
0,0.18379629629629632,0
1,0.9944444444444445,1
0,0.375,0
0,0.1611111111111111,0
0,0.3736111111111111,0
0,0.04027777777777778,0
0,0.46111111111111114,0
0,0.022222222222222223,0
0,0.2314814814814815,0
0,0.2773148148148148,0
0,0.004166666666666667,0
0,0.004166666666666667,0
0,0.009259259259259259,0
0,0.033333333333333326,0
1,0.5351851851851853,1
0,0.3800925925925926,0
1,0.7625,1
0,0.25925925925925924,0
0,0.4472222222222223,0
1,0.6203703703703703,0
0,0.005555555555555556,0
0,0.21064814814814814,0
0,0.030092592592592594,0
0,0.0375,0
0,0.02546296296296296,0
0,0.02361111111111111,0
0,0.025,0
0,0.06898148148148148,0
0,0.11712962962962964,0
0,0.0,0
0,0.008796296296296295,0
0,0.16111111111111112,0
0,0.3773148148148148,0
0,0.0925925925925926,0
0,0.04768518518518518,0
0,0.06111111111111111,0
0,0.14675925925925926,0
0,0.24166666666666667,0
0,0.0412037037037037,0
0,0.15324074074074073,0
0,0.13796296296296295,0
0,0.1416666666666667,0
0,0.09907407407407405,0
0,0.10092592592592592,0
0,0.12083333333333332,0
0,0.1685185185185185,0
0,0.1939814814814815,0
0,0.1277777777777778,0
0,0.32731481481481484,1
1,0.49861111111111117,1
0,0.1449074074074074,1
0,0.15462962962962962,0
0,0.031481481481481485,0
0,0.12592592592592594,0
0,0.033796296296296297,0
0,0.1625,0
0,0.20648148148148146,0
0,0.2837962962962963,0
0,0.06435185185185184,0
0,0.07546296296296297,0
0,0.13842592592592592,0
0,0.06018518518518519,0
0,0.0060185185185185185,0
0,0.2444444444444445,0
0,0.1486111111111111,0
0,0.08611111111111111,0
0,0.008796296296296295,0
0,0.04953703703703703,0
0,0.04537037037037038,0
0,0.09212962962962962,0
0,0.03935185185185185,0
0,0.11805555555555554,0
0,0.2560185185185185,0
0,0.08842592592592592,0
0,0.056944444444444436,0
0,0.4467592592592593,0
0,0.03657407407407408,0
0,0.16203703703703703,0
0,0.1939814814814815,0
0,0.29953703703703705,0
1,0.6958333333333333,1
0,0.027314814814814816,0
0,0.05185185185185184,0
0,0.06851851851851853,0
0,0.12083333333333333,0
1,0.7402777777777778,1
0,0.055092592592592596,0
0,0.09027777777777778,0
0,0.004166666666666667,0
0,0.0537037037037037,0
0,0.06527777777777778,0
0,0.07083333333333333,0
0,0.025462962962962965,0
0,0.04768518518518519,0
0,0.009722222222222222,0
0,0.01898148148148148,0
0,0.002777777777777778,0
0,0.001388888888888889,0
0,0.021296296296296296,0
0,0.02361111111111111,0
0,0.12453703703703703,0
0,0.11064814814814815,0
0,0.03657407407407408,0
0,0.1736111111111111,0
0,0.02361111111111111,0
0,0.12037037037037038,0
0,0.025462962962962965,0
0,0.2412037037037037,1
0,0.05416666666666667,0
0,0.06481481481481481,0
0,0.3800925925925926,0
0,0.20925925925925926,0
0,0.14907407407407408,0
0,0.1949074074074074,0
0,0.20370370370370372,0
0,0.14583333333333331,0
0,0.05694444444444444,0
0,0.11851851851851851,0
0,0.23287037037037037,0
0,0.030092592592592594,0
0,0.014814814814814814,0
0,0.022685185185185183,0
0,0.18564814814814817,0
0,0.18287037037037035,0
0,0.030555555555555555,0
0,0.12083333333333333,0
0,0.12685185185185185,0
0,0.1375,0
0,0.08935185185185186,0
0,0.14814814814814817,0
0,0.03657407407407407,0
0,0.32546296296296295,0
0,0.013888888888888888,0
0,0.05509259259259259,0
0,0.059722222222222225,0
0,0.08888888888888889,0
0,0.06944444444444445,0
0,0.11527777777777778,0
0,0.00324074074074074,0
0,0.059722222222222225,0
0,0.009722222222222222,0
0,0.14444444444444443,0
0,0.20046296296296293,0
0,0.06666666666666667,0
0,0.0625,0
0,0.0625,0
0,0.030555555555555555,0
0,0.36064814814814816,0
1,0.6310185185185185,1
0,0.29027777777777775,1
0,0.29583333333333334,0
0,0.11296296296296297,0
0,0.1171296296296296,0
0,0.07916666666666666,0
0,0.24212962962962964,0
0,0.12083333333333332,0
0,0.10046296296296296,0
0,0.1087962962962963,0
0,0.15462962962962964,0
0,0.09305555555555557,0
0,0.04583333333333333,0
0,0.03564814814814815,0
0,0.1,0
0,0.08888888888888889,0
1,0.5138888888888888,0
0,0.25740740740740736,0
0,0.23240740740740737,0
0,0.12222222222222222,0
0,0.4189814814814815,0
0,0.18935185185185183,0
0,0.23935185185185182,0
0,0.22592592592592592,0
0,0.03981481481481482,0
0,0.21944444444444444,0
0,0.28703703703703703,1
0,0.0699074074074074,0
0,0.47268518518518515,0
0,0.04583333333333333,0
0,0.04351851851851852,0
0,0.45694444444444443,0
1,0.4916666666666666,0
0,0.1865740740740741,0
0,0.16250000000000003,0
0,0.2592592592592593,0
0,0.07685185185185185,0
0,0.1615740740740741,0
0,0.1990740740740741,0
0,0.4004629629629629,0
0,0.15555555555555553,0
0,0.41342592592592586,0
0,0.2699074074074074,0
1,0.8106481481481482,1
0,0.3472222222222222,0
0,0.3851851851851852,1
0,0.36990740740740746,0
0,0.2810185185185185,0
0,0.02361111111111111,0
0,0.3236111111111111,0
0,0.01435185185185185,0
0,0.19722222222222222,0
0,0.09537037037037038,0
0,0.4574074074074073,0
0,0.44305555555555554,1
1,0.5337962962962962,1
0,0.1824074074074074,0
0,0.3902777777777778,1
0,0.137037037037037,0
1,0.5555555555555556,0
0,0.06342592592592593,0
1,0.5171296296296296,0
0,0.424537037037037,0
0,0.39259259259259255,0
0,0.2537037037037037,0
0,0.2666666666666667,0
0,0.1087962962962963,0
0,0.21898148148148147,0
0,0.32083333333333336,0
0,0.1944444444444444,0
0,0.11851851851851854,0
0,0.34120370370370373,0
0,0.1800925925925926,0
0,0.05370370370370371,0
0,0.17870370370370373,0
0,0.45972222222222214,1
0,0.34259259259259256,0
0,0.05509259259259259,0
0,0.09907407407407406,1
0,0.27175925925925926,1
0,0.10601851851851851,0
0,0.4027777777777778,0
0,0.014814814814814814,0
0,0.3912037037037037,0
0,0.043981481481481476,0
0,0.044444444444444446,0
0,0.10972222222222222,0
0,0.09351851851851853,0
0,0.06666666666666667,0
0,0.24074074074074073,0
0,0.19027777777777777,0
0,0.11620370370370371,0
1,0.5837962962962963,0
0,0.11527777777777776,0
0,0.32592592592592595,1
0,0.004166666666666667,0
0,0.011111111111111112,0
0,0.007407407407407407,0
0,0.4342592592592593,1
0,0.24768518518518515,0
1,0.702314814814815,1
0,0.32592592592592595,1
0,0.15555555555555556,0
0,0.20324074074074072,0
0,0.1972222222222222,0
0,0.20601851851851855,0
0,0.18194444444444444,0
0,0.3453703703703704,0
0,0.18472222222222226,0
0,0.13240740740740742,0
0,0.10972222222222225,0
0,0.04814814814814815,0
0,0.07129629629629629,0
0,0.15324074074074073,0
0,0.029629629629629627,0
0,0.04768518518518518,0
0,0.1851851851851852,0
0,0.20370370370370372,0
0,0.4412037037037037,0
0,0.08287037037037037,0
0,0.14861111111111108,0
0,0.2351851851851852,0
0,0.060648148148148145,0
0,0.3175925925925926,1
0,0.01435185185185185,0
0,0.08564814814814814,0
0,0.024074074074074074,0
0,0.11620370370370371,0
1,0.612962962962963,0
0,0.14212962962962963,0
0,0.0787037037037037,0
0,0.15925925925925927,0
0,0.06712962962962964,0
1,0.6148148148148148,1
0,0.12453703703703703,0
0,0.020833333333333332,0
0,0.02361111111111111,0
0,0.13935185185185184,0
0,0.03981481481481482,0
0,0.19953703703703707,0
0,0.03657407407407407,0
0,0.09768518518518518,0
0,0.08842592592592592,0
0,0.15555555555555556,0
0,0.2328703703703704,0
0,0.32407407407407407,0
0,0.05555555555555555,0
0,0.005555555555555556,0
0,0.30277777777777776,0
1,0.5495370370370369,1
0,0.42916666666666675,1
0,0.08101851851851852,0
0,0.3351851851851852,0
0,0.37407407407407406,0
0,0.1787037037037037,0
0,0.07037037037037036,0
0,0.0953703703703704,0
0,0.02685185185185185,0
0,0.32361111111111107,0
0,0.3087962962962963,0
0,0.19999999999999996,0
0,0.03425925925925925,0
0,0.09259259259259257,0
0,0.20092592592592595,0
0,0.20648148148148152,0
0,0.28194444444444444,0
0,0.015277777777777777,0
0,0.05601851851851852,0
0,0.0787037037037037,0
0,0.20879629629629634,0
1,0.49259259259259264,0
0,0.1597222222222222,0
1,0.49259259259259264,0
0,0.2569444444444444,0
0,0.09074074074074073,0
0,0.11620370370370368,0
0,0.16805555555555557,0
0,0.4333333333333334,0
1,0.5981481481481481,0
0,0.004166666666666667,0
0,0.11481481481481483,0
0,0.013888888888888888,0
0,0.38935185185185184,0
0,0.3314814814814815,1
0,0.36759259259259264,1
1,0.6509259259259259,1
0,0.1986111111111111,0
0,0.18796296296296294,0
0,0.20555555555555555,0
0,0.21296296296296297,0
1,0.7999999999999998,1
1,0.5935185185185184,1
0,0.42453703703703705,0
1,0.6481481481481483,1
0,0.4337962962962963,1
1,0.5560185185185187,1
0,0.2893518518518519,1
0,0.28518518518518515,0
1,0.5259259259259259,0
0,0.16064814814814815,0
0,0.3060185185185185,0
1,0.7583333333333333,1
0,0.03611111111111111,0
0,0.16481481481481483,0
0,0.14027777777777778,0
0,0.21574074074074076,0
0,0.21712962962962964,0
0,0.20694444444444443,0
0,0.05694444444444444,0
0,0.025,0
0,0.005555555555555556,0
0,0.13518518518518519,0
0,0.40324074074074073,0
1,0.6620370370370371,0
0,0.0875,0
0,0.13287037037037033,0
0,0.11064814814814813,0
0,0.11435185185185187,0
0,0.40740740740740744,0
1,0.9069444444444444,1
0,0.10370370370370369,0
0,0.03981481481481482,0
0,0.23055555555555557,0
0,0.23796296296296293,0
0,0.0898148148148148,0
0,0.14027777777777778,0
0,0.0837962962962963,0
0,0.4388888888888889,0
0,0.1800925925925926,0
0,0.21111111111111114,0
0,0.19120370370370374,0
0,0.18935185185185183,0
0,0.02824074074074074,0
0,0.0800925925925926,0
0,0.010648148148148148,0
0,0.07314814814814814,0
1,0.7476851851851852,1
0,0.13518518518518519,0
0,0.013888888888888888,0
0,0.009259259259259259,0
0,0.004166666666666667,0
0,0.0060185185185185185,0
0,0.0,0
0,0.05648148148148149,0
0,0.020833333333333332,0
0,0.004166666666666667,0
0,0.07916666666666666,0
0,0.11203703703703702,0
0,0.18564814814814815,0
0,0.16203703703703703,0
0,0.03101851851851851,0
1,0.9115740740740741,1
1,0.8087962962962962,1
0,0.010185185185185184,0
0,0.055092592592592596,0
0,0.04074074074074074,0
0,0.08703703703703704,0
0,0.30925925925925923,0
0,0.09583333333333331,0
1,0.5416666666666666,0
0,0.010185185185185184,0
0,0.1671296296296296,0
0,0.03888888888888888,0
0,0.4509259259259259,0
0,0.13240740740740742,0
0,0.12592592592592594,0
0,0.14398148148148146,0
0,0.3171296296296297,0
0,0.17500000000000002,0
0,0.09490740740740743,0
0,0.16342592592592592,0
0,0.0699074074074074,0
0,0.2023148148148148,0
0,0.35231481481481475,0
0,0.22037037037037036,0
0,0.07731481481481481,0
1,0.5652777777777777,1
0,0.41944444444444445,1
0,0.12314814814814813,0
0,0.15185185185185188,0
1,0.6550925925925927,1
0,0.12175925925925925,0
0,0.21018518518518517,0
0,0.027314814814814813,0
0,0.10416666666666669,0
0,0.03657407407407407,0
0,0.25555555555555554,0
0,0.14490740740740743,0
0,0.2601851851851852,0
0,0.22314814814814812,0
0,0.15555555555555553,0
0,0.05,0
0,0.13333333333333333,0
0,0.20416666666666666,0
0,0.2148148148148148,0
0,0.2625,0
0,0.17916666666666667,0
0,0.20509259259259263,0
0,0.35694444444444445,0
0,0.16157407407407406,0
0,0.08796296296296297,0
0,0.2777777777777778,0
0,0.24490740740740738,0
0,0.11574074074074073,0
0,0.16342592592592592,0
0,0.18472222222222223,0
0,0.36527777777777776,0
0,0.10601851851851853,0
1,0.49074074074074064,1
1,0.524074074074074,1
0,0.4337962962962963,0
0,0.1337962962962963,0
0,0.2791666666666667,1
0,0.0699074074074074,0
0,0.029166666666666667,0
0,0.29537037037037034,1
0,0.05092592592592592,0
0,0.01574074074074074,0
0,0.0699074074074074,0
0,0.06851851851851852,0
0,0.12453703703703703,0
0,0.12314814814814817,0
0,0.07546296296296295,0
0,0.15648148148148147,0
0,0.20925925925925926,0
0,0.21527777777777782,0
0,0.13518518518518519,0
1,0.825,1
0,0.12407407407407409,0
0,0.22129629629629627,0
0,0.1726851851851852,0
0,0.32546296296296295,0
0,0.20324074074074075,0
0,0.45555555555555555,0
0,0.12546296296296297,0
0,0.054629629629629625,0
0,0.06342592592592593,0
0,0.048148148148148155,0
0,0.05138888888888889,0
0,0.0449074074074074,0
0,0.11388888888888889,0
0,0.15555555555555556,0
0,0.46157407407407414,0
0,0.1287037037037037,0
0,0.16666666666666669,0
0,0.24907407407407411,0
0,0.17777777777777778,0
0,0.4074074074074074,1
1,0.4828703703703704,1
0,0.27361111111111114,0
0,0.14999999999999997,0
0,0.17870370370370373,0
0,0.04351851851851852,0
0,0.11898148148148147,0
1,0.7791666666666666,0
0,0.20185185185185184,0
0,0.3587962962962963,0
0,0.1388888888888889,0
0,0.2782407407407408,0
0,0.38935185185185184,1
1,0.5574074074074074,1
0,0.34814814814814815,1
1,0.5060185185185184,1
0,0.11388888888888889,1
1,0.5199074074074074,1
0,0.10555555555555557,0
0,0.38333333333333325,0
0,0.24861111111111112,0
0,0.2125,0
0,0.2819444444444445,0
0,0.06203703703703704,0
0,0.22685185185185183,0
0,0.06527777777777778,0
0,0.24305555555555555,1
1,0.4791666666666667,1
0,0.2824074074074074,1
0,0.0,0
0,0.14074074074074072,0
0,0.13194444444444448,0
0,0.3537037037037037,0
0,0.03518518518518519,0
0,0.3217592592592593,0
1,0.5435185185185186,1
0,0.23564814814814813,0
0,0.1842592592592593,0
0,0.36111111111111094,0
0,0.12916666666666668,0
0,0.27314814814814814,0
0,0.14722222222222223,0
0,0.14675925925925928,0
1,0.5092592592592593,0
0,0.26296296296296295,0
0,0.0625,0
0,0.15092592592592596,0
0,0.11666666666666667,0
0,0.40324074074074073,0
0,0.04351851851851852,0
0,0.1259259259259259,0
0,0.23148148148148145,0
1,0.7629629629629631,1
0,0.275,0
0,0.3476851851851852,0
0,0.41620370370370363,1
0,0.20972222222222223,0
0,0.26990740740740743,0
1,0.5097222222222223,1
0,0.20925925925925928,0
0,0.09537037037037038,0
1,0.5555555555555556,0
0,0.20509259259259263,0
0,0.06574074074074074,0
0,0.010185185185185184,0
0,0.15694444444444444,0
0,0.10462962962962964,0
0,0.29861111111111105,0
1,0.6203703703703703,0
0,0.34722222222222227,0
0,0.1763888888888889,0
0,0.16388888888888886,0
0,0.33611111111111114,0
0,0.11249999999999998,0
0,0.1310185185185185,0
0,0.2273148148148148,0
0,0.10138888888888889,0
0,0.004166666666666667,0
0,0.17314814814814813,0
0,0.04351851851851852,0
0,0.05231481481481482,0
0,0.16388888888888886,0
0,0.08935185185185185,0
0,0.2671296296296296,0
0,0.3092592592592593,0
0,0.3689814814814814,0
0,0.10879629629629631,0
0,0.1597222222222222,1
1,0.5671296296296297,0
0,0.2930555555555555,0
1,0.5939814814814816,1
0,0.16805555555555557,1
1,0.7518518518518519,1
0,0.11805555555555555,0
1,0.6092592592592592,0
0,0.23472222222222222,0
0,0.10416666666666667,0
0,0.053240740740740734,0
0,0.16620370370370371,0
0,0.19351851851851848,0
0,0.1,0
0,0.3726851851851852,1
0,0.3592592592592593,0
0,0.03009259259259259,0
0,0.2351851851851852,0
0,0.24629629629629632,0
0,0.05787037037037038,0
0,0.21944444444444444,0
0,0.39722222222222214,1
0,0.11157407407407406,0
0,0.0875,0
0,0.15462962962962962,0
0,0.1074074074074074,0
1,0.5550925925925926,1
0,0.16157407407407406,0
0,0.33287037037037037,0
0,0.2388888888888889,0
0,0.006944444444444444,0
0,0.030555555555555555,0
0,0.1574074074074074,0
0,0.28518518518518515,0
0,0.22592592592592592,0
0,0.15925925925925927,0
0,0.044444444444444446,0
0,0.11666666666666668,0
0,0.04351851851851852,0
0,0.4638888888888889,0
0,0.2013888888888889,0
0,0.28101851851851856,0
0,0.4560185185185185,0
0,0.24861111111111114,0
0,0.11712962962962963,0
0,0.02314814814814815,0
0,0.23194444444444445,0
1,0.7569444444444446,1
0,0.4217592592592592,0
0,0.15925925925925924,0
0,0.30046296296296304,0
0,0.016203703703703706,0
0,0.20833333333333334,0
0,0.2,0
1,0.5337962962962963,0
0,0.009722222222222222,0
0,0.24027777777777778,0
0,0.14953703703703705,0
0,0.12175925925925926,0
0,0.11712962962962964,0
1,0.7472222222222222,1
0,0.15231481481481482,0
0,0.12407407407407407,0
0,0.07222222222222222,0
0,0.42731481481481476,0
0,0.038425925925925926,0
0,0.09398148148148149,0
0,0.3180555555555555,0
0,0.21898148148148147,0
0,0.0699074074074074,0
0,0.23287037037037037,0
0,0.16342592592592592,0
0,0.16203703703703703,0
0,0.1726851851851852,0
1,0.5615740740740741,1
0,0.17129629629629628,0
0,0.14351851851851855,0
0,0.16944444444444443,0
0,0.3916666666666666,1
0,0.09259259259259257,0
0,0.04861111111111111,0
0,0.004629629629629629,0
0,0.06388888888888888,0
0,0.061574074074074066,0
0,0.014351851851851853,0
0,0.1439814814814815,0
1,0.5449074074074073,0
0,0.038425925925925926,0
0,0.1212962962962963,0
1,0.5430555555555555,0
0,0.18425925925925923,0
0,0.31527777777777777,0
0,0.13888888888888887,0
0,0.10925925925925925,0
0,0.11481481481481483,0
0,0.29629629629629634,0
0,0.40694444444444444,0
0,0.37175925925925923,0
0,0.08148148148148147,0
1,0.47638888888888886,0
0,0.3134259259259259,0
1,0.5435185185185185,1
1,0.513425925925926,0
0,0.2750000000000001,0
0,0.4337962962962962,0
0,0.05648148148148148,0
0,0.1074074074074074,0
0,0.03333333333333333,0
0,0.43333333333333335,1
0,0.2444444444444444,0
0,0.2384259259259259,0
0,0.2087962962962963,0
0,0.06064814814814815,0
0,0.11990740740740742,0
0,0.0125,0
0,0.35740740740740745,0
0,0.09490740740740743,0
0,0.07314814814814816,0
0,0.23703703703703702,0
0,0.031018518518518518,0
0,0.16064814814814815,0
0,0.2518518518518519,0
1,0.7370370370370372,1
0,0.07777777777777779,0
1,0.626388888888889,1
0,0.3898148148148148,1
0,0.3300925925925926,0
0,0.14583333333333334,0
0,0.0685185185185185,0
1,0.5875,0
0,0.18888888888888886,0
0,0.25,0
0,0.17222222222222225,0
0,0.20324074074074072,0
0,0.14490740740740743,0
0,0.04629629629629629,0
0,0.11064814814814813,0
0,0.11990740740740742,0
0,0.12546296296296297,0
1,0.5949074074074073,1
0,0.11527777777777778,0
0,0.2634259259259259,0
0,0.18657407407407406,0
0,0.03472222222222222,0
0,0.3370370370370371,0
0,0.02546296296296296,0
0,0.375,0
0,0.23379629629629634,0
0,0.22685185185185186,0
0,0.20092592592592592,0
0,0.09444444444444444,0
0,0.20833333333333334,0
0,0.1962962962962963,0
0,0.04675925925925926,0
0,0.2523148148148148,0
0,0.11064814814814813,0
0,0.3606481481481481,0
0,0.2537037037037037,0
0,0.18518518518518515,0
0,0.21481481481481485,0
0,0.29120370370370374,0
0,0.1962962962962963,0
0,0.1111111111111111,0
0,0.0787037037037037,0
0,0.16944444444444445,0
0,0.3810185185185185,0
0,0.1921296296296296,0
1,0.5055555555555554,1
1,0.563425925925926,1
0,0.10601851851851853,0
1,0.8523148148148147,1
1,0.6212962962962962,1
0,0.26435185185185184,0
1,0.500462962962963,0
0,0.13564814814814816,0
0,0.33287037037037037,0
0,0.3203703703703703,0
0,0.02314814814814815,0
0,0.336574074074074,0
0,0.40694444444444444,0
0,0.16064814814814815,0
0,0.2847222222222222,0
0,0.399074074074074,0
0,0.3162037037037038,0
0,0.18935185185185183,0
0,0.29166666666666663,0
0,0.4509259259259259,0
0,0.25462962962962965,0
0,0.19166666666666668,0
0,0.4703703703703704,0
