pred_proba,labels
0.00019253381,0
0.00022607867,0
0.00018118127,0
0.00016926472,0
0.00015953199,0
0.00013685464,0
0.0013142393,0
0.0005516984,0
0.00025675498,0
0.0002825757,0
0.0010710997,0
0.00021759259,0
0.00015361821,0
0.0002712626,0
0.00016698269,0
0.00048511924,0
0.00095677987,0
0.00017566133,0
0.00016606288,0
0.9997983,1
0.9995233,1
0.000572732,0
0.00022907085,0
0.00015786145,0
0.00019590571,0
0.0004967338,0
0.9995679,1
0.00027317848,0
0.0007161519,0
0.9987815,1
0.00030721107,0
0.9997912,1
0.00025597675,0
0.00018204708,0
0.00019018787,0
0.99972916,1
0.0010962127,0
0.99983555,1
0.00018553711,0
0.0002637819,0
0.00035923597,0
0.9993403,1
0.0003208678,0
0.00010190289,0
0.0001553647,0
0.00039926538,0
0.00019191035,0
0.00026287758,0
0.00016716034,0
0.00021700903,0
0.00020379733,0
0.99969673,1
0.00015588861,0
0.9998297,1
0.9996572,1
0.0003489906,0
0.999559,1
0.00013694158,0
0.99981356,1
0.9997167,1
0.00015088967,0
0.0001861349,0
0.00030061844,0
0.00015414564,0
0.00021470775,0
0.00016554787,0
0.0026643125,0
0.00023550804,0
0.00011680997,0
0.00032429796,0
0.00016467065,0
0.99887455,1
0.00013878275,0
0.00010553365,0
0.0011013782,0
0.000416828,0
0.9997631,1
0.00026494896,0
0.0001623304,0
0.9996053,1
0.0010125854,0
0.00011535059,0
0.000104872466,0
0.0003316369,0
0.9997792,1
0.00013156352,0
0.0001881032,0
0.00019271807,0
0.00015735537,0
0.00011600854,0
0.9996196,1
0.00013742672,0
0.00015717601,0
0.00012812766,0
0.00022628854,0
0.0005679277,0
0.00014097041,0
0.9996615,1
0.00014163883,0
0.00043471207,0
0.00017102248,0
0.9998445,1
0.000772712,0
9.628798e-05,0
0.00013990112,0
0.00016226755,0
0.00034920985,0
0.15923758,0
0.00014271948,0
0.99975306,1
9.4608135e-05,0
0.0009976228,0
0.00015767655,0
0.0006923629,0
0.0002059907,0
0.9997569,1
0.00014426389,0
0.00011080638,0
0.00017757661,0
0.00017036822,0
0.00021378686,0
0.0001407932,0
0.99968964,1
0.9997649,1
0.0003635021,0
0.00014747388,0
0.00012999964,0
0.00014811974,0
0.00035975713,0
0.00041374555,0
0.0002061613,0
0.00019229783,0
0.00014640861,0
0.0001255159,0
0.0004952127,0
0.00026704074,0
0.00024874604,0
0.00026045428,0
0.00015408127,0
0.00014302523,0
0.9996992,1
0.00012574451,0
0.00019827417,0
0.99983555,1
0.00018137177,0
0.001197687,0
0.00034395524,0
0.99978495,1
0.00076228165,0
0.00015322155,0
0.0004160123,0
0.0010731407,0
0.00012006031,0
0.00020075489,0
0.00029810015,0
0.00021700903,0
0.0002103141,0
0.0001435738,0
0.99977165,1
0.00036885618,0
0.00014999941,0
0.00012547236,0
0.9998131,1
0.9998293,1
0.9978142,1
0.0001421937,0
0.0006847217,0
0.00020943723,0
0.9997544,1
0.00010186005,0
0.02258581,0
0.00013352298,0
0.00017756101,0
0.00023710696,0
0.99942756,1
0.0001781389,0
0.9996272,1
0.00023752273,0
0.00021821019,0
0.00020628815,0
0.000102515725,0
0.00029459628,0
0.00014320595,0
0.00021298994,0
0.00013170976,0
0.025928928,1
0.9992764,1
0.00029250587,0
0.99983555,1
0.99976164,1
0.00017045405,0
0.0002166455,0
0.000108017135,0
0.00058004906,0
0.0032256774,0
0.00013104673,0
0.00019613825,0
0.00029209777,0
0.00029699545,0
0.9997201,1
0.0001263747,0
0.00017351285,0
0.0003779269,0
0.00017900777,0
0.9997206,1
0.000774531,0
0.9997797,1
0.00010050672,0
0.99978495,1
0.00024423562,0
0.9996872,1
0.00020557053,0
0.99976164,1
0.00026607196,0
0.0001034728,0
0.9997983,1
0.9997649,1
0.00020922143,0
0.00019392621,0
0.00023023073,0
0.99973875,1
0.0001719094,0
0.00040041597,0
0.99979013,1
0.000130623,0
0.00020358831,0
0.0002294364,0
0.00021692624,0
0.9997569,1
0.9997544,1
0.99973255,1
0.99976736,1
0.00022143585,0
0.00016787718,0
0.9996987,1
0.00019428163,0
0.99978304,1
0.0001437393,0
0.00020850335,0
0.99969053,1
0.0001628379,0
0.00021878156,0
0.0001911279,0
0.0002205473,0
0.99978215,1
0.00015841781,0
0.0005732101,0
0.00017298761,0
0.00020796737,0
0.00070830487,0
0.00018662121,0
0.00017050102,0
0.00015384208,0
0.9996581,1
0.00039926573,0
0.00016431784,0
0.9998269,1
0.00018901544,0
0.9997869,1
0.9905795,1
0.00028005627,0
0.00011459929,0
0.00024112056,0
0.00031456028,0
0.999773,1
0.00014342133,0
0.00012834645,0
0.00023049524,0
0.9997906,1
0.0001171404,0
0.99981016,1
0.00011647603,0
0.00019441918,0
0.00013424271,0
0.00020897157,0
0.00016501966,0
0.00022126973,0
0.00022191892,0
0.00033286918,0
0.00014990561,0
0.00071298657,0
0.9998465,1
0.00015258505,0
0.999773,1
0.9997158,1
0.00020553527,0
0.000111467016,0
0.0016188214,0
0.0002124179,0
0.9997697,1
0.9997421,1
0.00034860874,0
0.99972916,1
0.0002565374,0
0.99949753,1
0.99979216,1
0.00034967158,0
0.00011881342,0
0.00025974712,0
0.0002828531,0
0.00023615846,0
0.00023288465,0
0.00018496154,0
0.9998017,1
0.00031413426,0
0.0009158723,0
0.00029179512,0
0.00028630058,0
0.00011129685,0
0.99983215,1
0.99976826,1
0.00019916601,0
0.00015734592,0
0.00011038218,0
0.99974304,1
0.9998293,1
0.00018731909,0
0.99980974,1
0.00021330907,0
0.00022138961,0
0.00022002315,0
0.00032291847,0
0.0012524299,0
0.000100836405,0
0.004387726,0
0.00019158103,0
0.00017958556,0
0.9990685,1
0.00017429765,0
0.00046682742,0
0.9998197,1
0.9998236,1
0.0001606448,0
0.00034089488,0
0.9997658,1
0.0003007905,0
0.99963915,1
0.00013664858,0
0.00054214784,0
0.0001823242,0
0.00013403177,0
0.99877214,1
0.99971056,1
0.00016755216,0
0.99947584,1
0.00016625146,0
0.00016477024,0
0.00013595808,0
0.00024869983,0
0.000119269105,0
0.00013398768,0
0.00028077,0
0.00024291205,0
0.00013311421,0
0.000120638644,0
0.0032944563,0
0.00045144232,0
0.9997802,1
0.00053195975,0
0.00015022747,0
0.00016281272,0
0.0001349931,0
0.00014100241,0
0.00012892648,0
0.00031636807,0
0.0002382346,0
0.0001521896,0
0.9996334,1
0.99983555,1
0.00032785168,0
0.00019022197,0
0.00028568663,0
0.99944586,1
0.99981123,1
0.00017231386,0
0.99984837,1
0.9996787,1
0.9997906,1
0.00024617184,0
0.9996118,1
0.00010169863,0
0.00015599628,0
0.00025680344,0
0.00030331072,0
0.00017344751,0
0.0007155164,0
0.00018668138,0
0.00028196408,0
0.999773,1
0.00012001291,0
0.00013881041,0
0.00016732192,0
0.00018332814,0
0.99977213,1
0.00014983486,0
0.0001560948,0
0.0002800827,0
0.9993072,1
0.000107998596,0
0.00020869312,0
0.0006514751,0
0.00044388548,0
0.00020082116,0
0.00018296835,0
0.00019936706,0
0.9997735,1
0.99144775,1
0.00014908596,0
0.00012047172,0
0.0003746232,0
0.00025468768,0
0.00012422753,0
0.00018377611,0
0.9997802,1
0.99974966,1
0.0002436875,0
0.000100079174,0
0.0006354432,0
0.00012225025,0
0.0002800194,0
0.99976736,1
0.00012859222,0
0.00019471883,0
0.000542153,0
0.00017121292,0
0.00010400615,0
0.00039727983,0
0.00018678448,0
0.0044016596,0
0.999784,1
0.00017903047,0
0.9996138,1
0.99974966,1
0.9997201,1
0.00011565296,0
0.0002163453,0
0.9996846,1
0.00013115475,0
0.00014549703,0
0.00014246628,0
0.00016283043,0
9.465191e-05,0
0.00015020597,0
0.00014213867,0
0.00019355079,0
0.0009793404,0
0.0001624055,0
0.00018459518,0
0.99980974,1
0.00015313785,0
0.9997235,1
0.00018418703,0
0.9991809,1
0.00022099556,0
0.00015290524,0
0.00027537937,0
0.00031614036,0
0.00018336068,0
0.00017072931,0
0.0002492761,0
0.00017115919,0
0.00021573277,0
0.00010868683,0
0.00013206294,0
0.00019004228,0
9.974244e-05,0
0.00016232915,0
0.0001616351,0
0.9998012,1
0.99970394,1
0.9997578,1
0.00033874257,0
0.00028154705,0
0.00012543025,0
0.00019738384,0
0.0003036479,0
9.975786e-05,0
0.00030723718,0
0.00076005457,0
0.9997792,1
0.9973537,1
0.00014622777,0
0.00011965784,0
0.00040360226,0
0.00065188913,0
0.0002379072,0
0.00010784422,0
0.0001415235,0
0.00016504138,0
0.0002050153,0
0.00016421679,0
0.00012680968,0
0.00028273798,0
0.00073716696,0
0.00022382119,0
0.00030478198,0
0.00020794534,0
0.00031443848,0
0.9997626,1
0.00017738466,0
0.00019276458,0
0.9997521,1
0.9998579,1
0.99784625,1
0.0001270553,0
0.00011186274,0
0.9997969,1
0.00014951696,0
0.0002273953,0
0.00021650836,0
0.0003835598,0
0.9997806,1
0.00018948848,0
0.0003515722,0
0.00013418346,0
0.00018759798,0
0.0002238229,0
0.99983263,1
0.00021604035,0
0.00033552133,0
0.9991383,1
0.0002281164,0
0.9993257,1
0.00023196741,0
0.0002076564,0
0.00027188726,0
0.00076834747,0
0.00035844548,0
0.00043465116,0
0.000111486996,0
0.00019463825,0
0.00022881298,0
0.00013157469,0
0.9996924,1
0.9996872,1
0.00023692162,0
0.0002716224,0
0.00013746342,0
0.00074241817,0
0.00022522152,0
0.000780125,0
0.999693,1
0.9995933,1
0.0001660027,0
0.0004471131,0
0.00014255707,0
0.99973536,1
0.00050924247,0
0.000116386305,0
0.00017737824,0
0.9996027,1
0.00020370251,0
0.00031168878,0
0.00023683194,0
0.0002116384,0
0.00017564524,0
0.00014789206,0
0.00017936405,0
0.00020740724,0
0.0004780798,0
0.00028327532,0
0.00026252636,0
0.0001813396,0
0.9996924,1
0.00015960274,0
0.99976164,1
0.00031154524,0
0.00028085275,0
0.0004768031,0
0.00015807373,0
0.00093124993,0
0.00048503382,0
0.00018618711,0
0.00018239116,0
0.00014379386,0
0.00015615867,0
0.00021151591,0
0.00013911097,0
0.00022230783,0
0.00028763502,0
0.00013539757,0
0.99972534,1
0.99980783,1
0.00030390863,0
0.00018800044,0
0.00013313694,0
0.999661,1
0.00023572757,0
0.00018294321,0
0.99972105,1
0.0003821273,0
0.0003677042,0
0.00022146944,0
0.38609037,0
0.0002655115,0
0.00014169881,0
0.00012568552,0
0.00018043909,0
0.08638723,0
0.00018644011,0
0.00017088406,0
0.9997974,1
0.0009078095,0
0.00016522344,0
0.000106075495,0
0.0003049288,0
0.9998345,1
0.00036569807,0
0.016666492,0
0.00020487633,0
0.00024500524,0
0.00012767648,0
0.0003796453,0
0.00015964475,0
0.00013431751,0
0.007651743,0
0.0003230201,0
0.00016038411,0
9.419383e-05,0
0.00016480953,0
0.00019437096,0
0.00040237475,0
0.000339226,0
0.0002028422,0
0.00017243977,0
0.00013333274,0
0.00020486384,0
0.00012257935,0
0.00028994458,0
0.00014504207,0
0.00018581211,0
0.00016817925,0
0.00011587929,0
0.00012200088,0
0.00016631647,0
0.00013238727,0
0.00012566612,0
0.0004997487,0
0.9997406,1
0.00011843104,0
0.0001849416,0
0.99977165,1
0.000195461,0
0.00014346512,0
0.00044694004,0
0.0002790996,0
0.9998054,1
0.9998345,1
0.00016361808,0
0.0003135689,0
0.99965966,1
0.99980015,1
0.00014190219,0
0.00012494707,0
0.00011383626,0
0.00025577057,0
0.0002363757,0
0.00016152477,0
0.00017202948,0
0.9996272,1
0.00012869037,0
0.00017045405,0
0.00011051796,0
0.9997906,1
0.00016381918,0
0.0002378269,0
0.000114134105,0
0.00017486555,0
0.00015389328,0
0.99971193,1
0.00018734734,0
0.999784,1
0.00015218106,0
0.00043105977,0
0.9997544,1
0.00066970714,0
0.00013922817,0
0.00024949256,0
0.00046464594,0
0.00023775524,0
0.0002625967,0
0.000425112,0
0.0001628326,0
0.00012339003,0
0.00016999949,0
0.00011350042,0
0.00010545395,0
0.00020912268,0
0.0002911727,0
0.0009250459,0
0.0003005482,0
0.00024180378,0
0.9991494,1
0.0012745075,0
0.00013539186,0
0.00013359214,0
0.00017175423,0
0.99981076,1
0.00013956531,0
0.00012955753,0
0.00031407285,0
0.00061622576,0
0.00013419049,0
0.99982786,1
0.00015900645,0
0.00012983633,0
0.00012037708,0
0.0017697585,0
0.00024641096,0
0.0001975362,0
0.00017442202,0
0.00020096886,0
0.00014847018,0
9.339202e-05,0
0.99976784,1
0.00013357072,0
0.00061242236,0
0.00013752634,0
0.00014423722,0
0.00017226655,0
0.00028341287,0
0.014511603,0
0.00012428974,0
0.00039930933,0
0.0001925083,0
0.00019257495,0
0.00011223289,0
0.0004156865,0
0.0020834585,0
0.00021936109,0
0.00037186354,0
0.9997669,1
0.99977213,1
0.00023242977,0
0.0005629239,0
0.0007854169,0
0.00017690826,0
0.9997806,1
0.00020266198,0
0.00015633389,0
0.0003020438,0
0.99984556,1
0.99983835,1
0.00012528976,0
0.00016253535,0
0.00032780448,0
0.00035660394,0
0.00017218573,0
0.0010468706,0
0.00017111008,0
0.00037571767,0
0.00028987828,0
0.00018373966,0
0.00013022969,0
0.0003021657,0
0.00014166693,0
0.9996024,1
0.00013135452,0
0.00015867592,0
0.0002474528,0
0.00018631053,0
0.00044506518,0
0.0002882617,0
0.0017999631,0
0.00026986017,0
0.00025032574,0
0.000101592195,0
0.9994287,1
0.00032899363,0
0.00013458908,0
0.00014028217,0
0.99973917,1
0.00014007735,0
0.9997544,1
0.0001324686,0
0.0005783492,0
0.00016932526,0
0.00030344262,0
0.0002768392,0
0.00037273075,0
0.00012974745,0
0.0001370158,0
0.9996613,1
0.00024074946,0
0.99978304,1
0.00019153499,0
0.9997869,1
0.00019105263,0
0.00018253055,0
0.000232142,0
0.00015495777,0
0.0004072131,0
0.00024284533,0
0.00014324828,0
0.00030873276,0
0.000171815,0
0.00014482756,0
0.00015316384,0
0.00019936517,0
0.0002685931,0
0.0002786589,0
0.00054353214,0
0.00012894627,0
0.99979013,1
0.00070766953,0
0.00019316611,0
0.00021948708,0
0.0003947743,0
0.00014403569,0
0.000118704345,0
0.00017138853,0
0.00011447837,0
0.00024692615,0
0.00013240597,0
0.000119244774,0
0.9996651,1
0.0001363354,0
0.9994339,1
0.00013084116,0
0.00025585425,0
0.000103571714,0
0.00017077701,0
0.00015108407,0
0.00025851344,0
0.0010048918,0
0.00028994874,0
0.00011747848,0
0.0009715815,0
0.9997649,1
0.00013463247,0
0.99955714,1
0.00020733662,0
0.99975103,1
0.00012420418,0
0.00018331278,0
0.00016662333,0
0.00057082705,0
0.00019653878,0
0.00019796356,0
0.00016877647,0
0.00019979799,0
0.00032783885,0
0.0002073758,0
0.9997478,1
0.0006165026,0
0.9997178,1
0.00012219534,0
0.00016506687,0
0.00044546643,0
0.00023754129,0
0.00043644596,0
0.00012058943,0
0.00021988912,0
0.9996867,1
0.00017316255,0
0.9993222,1
0.00021776489,0
0.31981072,0
0.00018132836,0
0.0001194673,0
0.9997945,1
0.999661,1
0.00045197815,0
0.00015902419,0
0.0007780973,0
0.0004819388,0
0.00045869994,0
0.9996458,1
0.00045534113,0
0.00014468191,0
0.99958193,1
9.455554e-05,0
0.9996918,1
0.0001371226,0
0.00016629377,0
0.9994472,1
0.00020640386,0
0.000116498246,0
0.99983555,1
0.00013639263,0
0.00016353634,0
0.99770784,1
0.99977493,1
0.99979496,1
0.99983555,1
0.00027110844,0
0.99966013,1
0.99929136,1
0.00017357442,0
0.9997878,1
0.00040258546,0
0.00014028791,0
0.0019561234,0
0.00018487846,0
0.00014293006,0
0.00020968865,0
0.9997569,1
0.00025450165,0
0.00018956531,0
0.00033358642,0
0.00016845904,0
0.0001916969,0
0.00024580283,0
0.99923384,1
0.00014946095,0
0.00010492809,0
0.000103769846,0
0.00014419567,0
0.00013664729,0
0.99979013,1
0.0001529322,0
0.00026187694,0
0.00046557363,0
0.00011130555,0
0.00022241384,0
0.00019524283,0
0.00017387842,0
0.00021712825,0
0.00013604524,0
0.9997835,1
0.00010763644,0
0.9997015,1
0.00023557994,0
0.00013741359,0
0.00047825306,0
0.00015364516,0
0.99977213,1
0.99981785,1
0.00022324709,0
0.00012596608,0
0.99959594,1
0.99967283,1
0.00012306534,0
0.0005885012,0
0.00014283358,0
0.00031256033,0
0.00011143492,0
0.00014768727,0
0.00020233907,0
0.00038046387,0
0.00041881352,0
0.00027363765,0
0.9998465,1
0.99972254,1
0.9997258,1
0.0005563872,0
0.00022989503,0
0.00025780388,0
0.00015832476,0
0.00018077705,0
0.00012165686,0
0.98693186,1
0.00021726993,0
0.9998517,1
0.00023813557,0
0.00013905713,0
0.9997826,1
0.9998226,1
0.00048152902,0
0.9998231,1
0.9932094,1
0.00012054975,0
0.00015115569,0
0.00025356532,0
0.000115453484,0
0.0004248968,0
0.9996824,1
0.00022092034,0
0.99974966,1
0.0012800028,0
0.000752317,0
0.9997578,1
0.00014626862,0
0.00010790944,0
0.000256486,0
0.00012118487,0
0.00013369894,0
0.99983835,1
0.99974626,1
0.99975395,1
0.00019179289,0
0.00022486203,0
0.0006335474,0
0.00014817003,0
0.9997754,1
0.00053255615,0
0.00043215923,0
0.00017246955,0
0.00013646053,0
0.00018712698,0
0.0001478014,0
0.9997367,1
0.00013837584,0
0.00021052822,0
0.9997515,1
0.00042293768,0
0.00024624958,0
0.00012439149,0
0.00014443486,0
0.00018927609,0
9.367907e-05,0
0.00036180436,0
9.7734366e-05,0
0.00019411345,0
0.00036814067,0
0.00021929416,0
0.00016282003,0
0.99978215,1
0.00013656808,0
0.999796,1
0.00011906932,0
0.00015209081,0
0.00014317903,0
0.00016677166,0
0.0001994574,0
0.0002494464,0
0.00011157082,0
0.00024439805,0
0.9998269,1
0.00045610516,0
0.00018989734,0
0.00048418232,0
0.0001079257,0
0.00023127934,0
0.0005619576,0
0.9996734,1
0.0004829685,0
0.000111891335,0
0.00016490323,0
0.003955474,0
0.0010522873,0
0.00016845918,0
0.00023228885,0
0.00012678756,0
0.00027365147,0
0.000686992,0
0.00021542107,0
0.9997569,1
0.00020184241,0
0.0002762073,0
0.4752987,1
0.00015375862,0
0.000147131,0
0.00019595335,0
0.00013286056,0
0.9997811,1
0.99974585,1
0.00012602135,0
0.00012167555,0
0.00022543083,0
0.99976164,1
0.00014476391,0
0.00023257967,0
0.00019936136,0
0.00014875081,0
0.0004882738,0
0.00067618256,0
0.99957454,1
0.00019237211,0
0.00011382866,0
0.00011315178,0
0.00025469446,0
0.00012904443,0
0.00016725922,0
0.9997421,1
0.00031980252,0
0.0001589214,0
9.9360404e-05,0
0.0001037278,0
0.00017225076,0
0.00013547829,0
0.00015238002,0
0.00012737948,0
0.00021947766,0
0.00010920227,0
0.00018347087,0
0.0017482797,0
0.9995236,1
0.9998202,1
0.00019324737,0
0.9994885,1
0.00028362568,0
0.000608726,0
0.00023930824,0
0.00031335067,0
0.00022821913,0
0.00010249157,0
0.0001910488,0
0.00018394567,0
0.00042780032,0
0.00017608433,0
0.00026027873,0
0.00020031273,0
0.0002818439,0
0.00021171753,0
0.99976873,1
0.00013578497,0
0.000103598686,0
0.00015594868,0
0.0040150406,0
0.00015713253,0
0.00025780388,0
0.00033057845,0
0.99974626,1
0.00047506698,0
0.00049949426,0
0.99888456,1
0.00023800546,0
0.00028488648,0
0.99978304,1
0.9997411,1
0.00023080407,0
0.00014017089,0
0.9996801,1
0.00012029194,0
0.0009328201,0
0.00012071439,0
0.9997526,1
0.00024319344,0
0.0002187294,0
0.00017879023,0
0.9997178,1
0.00015188093,0
0.99970627,1
0.00014291426,0
0.00014372093,0
0.00014579248,0
0.00039832783,0
0.0001084579,0
0.00033776046,0
0.00045016842,0
0.00032408835,0
0.00022796939,0
0.00024125211,0
0.00019833144,0
0.00017717891,0
0.00029814022,0
0.00023343386,0
0.9996603,1
0.00027359562,0
0.00013670894,0
0.0001401864,0
0.00014666183,0
0.00095598685,0
0.00019326582,0
0.9997583,1
0.9997783,1
0.99968576,1
0.000332143,0
0.00015542368,0
0.00018562896,0
0.0001355619,0
0.99977785,1
0.00012350777,0
0.00022167272,0
0.0001767467,0
0.00017338814,0
0.00028458913,0
0.9995331,1
0.00014495951,0
0.00014176815,0
0.00013420022,0
0.00072656135,0
0.00021888402,0
0.0001557926,0
0.00012455553,0
0.00012812216,0
0.9997024,1
0.00016241914,0
0.99976784,1
0.00011480865,0
0.00017716287,0
0.00013170423,0
0.0002781961,0
0.99965537,1
0.009180909,0
0.00021378686,0
0.00040549194,0
0.0002554432,0
0.9998288,1
0.99981123,1
0.00011873435,0
0.00023682447,0
0.00022216285,0
0.9997483,1
0.00028146274,0
0.9997735,1
0.999132,1
0.00029645383,0
0.00068056106,0
0.9998274,1
0.99982214,1
0.00019489478,0
0.9995345,1
0.999804,1
0.00013677192,0
0.00027894473,0
0.9996324,1
0.9996079,1
0.00040310432,0
0.00021649885,0
0.9998379,1
0.00021928747,0
0.00012576491,0
0.00026548567,0
0.00014897097,0
0.0004171489,0
0.00020048398,0
0.0002151946,0
0.000155888,0
0.000347513,0
0.9996301,1
0.00012543358,0
0.9997092,1
0.00021348511,0
0.00018353316,0
0.00016569807,0
0.9997792,1
0.00055321044,0
0.00012768865,0
0.00013066523,0
0.0003051359,0
0.00014850956,0
0.00017972809,0
0.00021426285,0
0.9997144,1
0.00022048886,0
0.00015872903,0
0.00026479387,0
0.00047814957,0
0.00019978426,0
0.00020163231,0
0.9996948,1
0.0003239641,0
0.00016731139,0
0.003508941,0
0.9997978,1
0.00012768817,0
0.000111627,0
0.0001271787,0
0.00014786512,0
0.00013160781,0
0.0005781482,0
0.00010577869,0
0.00022301495,0
0.00025137718,0
0.00029507905,0
0.9996358,1
0.00023001105,0
0.99977446,1
0.00010136815,0
0.00012408958,0
0.0010890343,0
0.99975586,1
0.99984604,1
0.00022125979,0
0.0001743768,0
0.00021868203,0
0.00025136254,0
0.00096224505,0
0.00031553136,0
0.00013875363,0
0.002979019,0
0.00013983523,0
0.000118228825,0
0.9990122,1
0.00087637187,0
0.00013909228,0
0.99976784,1
0.99981016,1
0.00023453798,0
0.00046001482,0
0.00021543381,0
0.9998226,1
0.00041642788,0
0.00023380348,0
0.00064333464,0
0.00017453934,0
0.00017319592,0
0.0001634194,0
0.00012266028,0
0.00014075775,0
0.00025898078,0
0.00012967596,0
0.00014697827,0
0.00013621089,0
0.00016423638,0
0.0009593295,0
0.0004271069,0
0.0001848841,0
0.00028052297,0
0.00013169243,0
0.0001861411,0
0.00013671076,0
0.0004709422,0
0.00038894382,0
0.0002821642,0
0.00013198916,0
0.00033638463,0
0.00013190736,0
0.00015715351,0
0.00012196366,0
0.00011072927,0
0.000115915536,0
0.00048096446,0
0.00041071768,0
0.00023830321,0
0.9997435,1
0.0008919943,0
0.00013816183,0
0.9987669,1
0.0003475074,0
0.00014106267,0
0.99967194,1
0.00015348055,0
0.00020049718,0
0.00027941252,0
0.00016330974,0
0.00036301484,0
0.00025320286,0
0.00015589618,0
0.00019903728,0
0.0002276405,0
0.00020084491,0
0.0001341846,0
0.9998345,1
0.00069153873,0
0.00013880657,0
0.00057555846,0
0.0004144145,0
0.00071095634,0
0.0001084792,0
0.32068348,0
0.99980974,1
0.00016595412,0
0.00024821382,0
0.00017541608,0
0.00010484197,0
0.00012449283,0
0.00035453038,0
0.99974686,1
0.00036584612,0
0.99983174,1
0.9997764,1
0.00012785218,0
0.00027911956,0
0.00069718127,0
0.999304,1
0.00016257503,0
0.0001575372,0
0.00038487252,0
0.00012527208,0
0.00016594256,0
0.00019920552,0
0.00016962734,0
0.00014601246,0
0.999773,1
0.00026483048,0
0.00017326217,0
0.00011506262,0
0.00015510665,0
0.0005299371,0
0.00011516614,0
0.00048502302,0
0.0003479546,0
0.0003274249,0
0.00026195962,0
0.00026804503,0
0.00011891952,0
0.00015948073,0
0.00088841666,0
0.000150629,0
0.0002971734,0
0.00019772467,0
0.00016952949,0
0.00020547785,0
0.00016797167,0
0.9995128,1
0.00018042275,0
0.9997826,1
0.9995828,1
0.00014396716,0
0.00013720644,0
0.00016148534,0
0.0002359354,0
0.00050393975,0
0.00012362396,0
0.00015913538,0
0.00044176966,0
0.0016525747,0
0.0003746105,0
0.00024669003,0
0.00011747938,0
0.0004566359,0
0.00016858922,0
0.0003101262,0
0.0001528927,0
0.00037842893,0
0.9997583,1
0.99976104,1
0.0001706865,0
0.99977446,1
0.000112573565,0
0.00011612653,0
0.000112343834,0
0.000487984,0
0.00025363377,0
0.9997878,1
0.00016090149,0
0.9996158,1
0.9997606,1
0.00014892197,0
0.00036551832,0
0.00014273664,0
0.00029296035,0
0.00026546695,0
0.0003285995,0
0.9997115,1
0.00089535525,0
0.00016661841,0
0.00015198698,0
0.0018861165,0
0.00020394237,0
0.000204707,0
0.0002503291,0
0.99959743,1
0.00014820056,0
0.00016131478,0
0.0009514999,0
0.00011271482,0
0.00011035009,0
0.00046688708,0
0.99936414,1
0.99980974,1
0.00012285063,0
0.9998302,1
0.0001603887,0
0.00013930148,0
0.99977165,1
0.00011929039,0
0.0003882475,0
0.00023496692,0
0.00047580467,0
0.00024249889,0
0.00014382486,0
0.00024839333,0
0.0008005597,0
0.0003567257,0
0.00016551267,0
0.00012358835,0
0.9998265,1
0.003487581,0
0.00017625031,0
0.00021810991,0
0.024253145,1
0.00011416927,0
0.00039850507,0
0.00015079473,0
0.00019410605,0
0.0002023161,0
0.99980974,1
0.00021836508,0
0.9998165,1
0.00011027223,0
0.00042564186,0
0.00022439013,0
0.00044873595,0
0.00019740062,0
0.99981785,1
0.00010186685,0
0.00029008513,0
0.9997764,1
0.9996876,1
0.00032187524,0
0.00015454896,0
0.99912757,1
0.0001248831,0
0.000126587,0
0.00020737064,0
0.00014099125,0
0.9997535,1
0.99962175,1
0.00010964117,0
0.00026056633,0
0.00034234356,0
0.0002246612,0
0.00019113666,0
0.9998579,1
0.0002003005,0
0.00017325771,0
0.9984005,1
0.00014177151,0
0.00064820074,0
0.0026478996,0
0.00016190585,0
0.00028495985,0
0.00029123243,0
0.0001721703,0
0.00022603662,0
0.9989346,1
0.00016604229,0
0.00015106071,0
0.0001298575,0
0.9996577,1
0.00024743838,0
0.00034824022,0
0.00022293923,0
0.00021491772,0
0.00024398396,0
0.00017803817,0
0.9995257,1
0.00012380553,0
0.9997526,1
0.00013295081,0
0.00016242082,0
0.99983835,1
0.00026307572,0
0.00017889531,0
0.00050135073,0
0.00046419265,0
0.000493619,0
0.0008523271,0
0.0010772637,0
0.0001685593,0
0.00045951674,0
0.0009839092,0
0.00013708729,0
0.0001297946,0
0.00019956987,0
0.00019007543,0
0.000105199026,0
0.0002467642,0
0.0003907746,0
0.00025710266,0
0.00014950313,0
0.00022680663,0
0.0001376384,0
0.00016107067,0
0.0006104933,0
0.00013064343,0
0.00018435712,0
0.00025583227,0
0.99976104,1
0.00023035788,0
0.99945676,1
0.00024647068,0
0.00014807539,0
0.00016225564,0
0.00041363432,0
0.0002005601,0
0.9997878,1
0.0004087038,0
0.0005661113,0
0.00011108646,0
0.00023343031,0
0.00016536783,0
0.00021010458,0
0.9997301,1
0.00015617788,0
0.0010483732,0
0.00022403176,0
0.00013172634,0
0.99982834,1
0.9996796,1
0.00023191677,0
0.9998369,1
0.00021453848,0
0.00013478946,0
0.00032462782,0
0.0005269355,0
0.00011972313,0
0.00012725685,0
0.9996744,1
0.00019487654,0
0.00036066334,0
0.00044414503,0
0.0013149409,0
0.0018907692,0
0.00032830038,0
0.9997764,1
0.0001674921,0
0.00010370228,0
0.9995119,1
0.00014581389,0
0.00012892229,0
0.00017328316,0
0.999774,1
0.0007207975,0
0.00016916757,0
0.00034141418,0
0.00014238327,0
0.000112638416,0
0.00026031944,0
0.00016412318,0
0.00010684099,0
0.9997606,1
0.00015371786,0
0.00025991537,0
0.00016827663,0
0.9997654,1
0.9997692,1
0.00032387822,0
9.700894e-05,0
9.848531e-05,0
0.00020752416,0
0.0001525772,0
0.00017572752,0
0.0001487084,0
0.00014470179,0
0.00011558084,0
0.00014826897,0
0.0004792701,0
0.00017843388,0
0.00034120568,0
0.00010910754,0
0.00015684852,0
0.0001964136,0
0.00017279765,0
0.00010341942,0
0.00014674185,0
0.99963814,1
0.00020080275,0
0.0001761453,0
0.99982494,1
0.00015807613,0
0.00021119625,0
0.00024688657,0
0.00017809897,0
0.00012291988,0
0.9996767,1
0.00016753843,0
0.00013429266,0
0.00011404227,0
0.0004827415,0
0.00021064791,0
0.00025203946,0
0.00010067671,0
0.999796,1
0.00016183022,0
0.00029413504,0
0.000106120824,0
0.00016051785,0
0.22083211,1
0.99975103,1
0.00018169447,0
0.00021827992,0
0.00035470963,0
0.0003421727,0
0.00020733564,0
0.99980783,1
0.00012892894,0
0.00026659723,0
0.000121160614,0
0.0044437195,0
0.00015367594,0
0.0123401815,0
0.00016444123,0
0.00026788373,0
0.0002032651,0
0.00017015569,0
0.000284565,0
0.00036880377,0
0.0002228372,0
0.00015417975,0
0.00015742923,0
0.00016343842,0
0.00022336764,0
0.99976104,1
0.99979264,1
0.00042851694,0
0.99947584,1
0.9996724,1
0.00016483941,0
0.00019377352,0
0.00017653882,0
0.00012004463,0
0.00079286296,0
0.00038068078,0
0.99970824,1
0.00028172138,0
0.99970484,1
0.00033573274,0
0.000213612,0
0.00023239832,0
0.00053032435,0
0.0002201157,0
0.000452983,0
0.00021095469,0
0.9997706,1
0.000107153144,0
0.00013446154,0
0.00061018363,0
0.00025580497,0
0.00017248846,0
0.00018093485,0
0.0003114769,0
0.00014328434,0
0.0003589586,0
0.0013295214,0
0.00027411955,0
0.000118018615,0
0.0007213095,0
0.00021486034,0
0.00157013,0
0.00013693377,0
0.00020321472,0
0.00020528432,0
0.00014321141,0
0.0001974085,0
0.00031374925,0
0.9997754,1
0.0001715915,0
0.9995042,1
0.998749,1
0.00077355,0
0.00014467473,0
0.00048168752,0
0.00024309976,0
0.00013069976,0
0.00087535445,0
0.00027237518,0
0.00024009531,0
0.00011998408,0
0.0005043566,0
0.00034232347,0
0.00016721568,0
0.00015539581,0
0.00020115197,0
0.00018266863,0
0.00016662349,0
0.00042475987,0
0.00011418288,0
0.00034709205,0
0.00026446983,0
0.0002363633,0
0.00015489808,0
0.0005184393,0
0.00019263556,0
0.00013862217,0
0.00077408645,0
0.000102844446,0
0.0001583802,0
0.00016591819,0
0.00017941403,0
0.0002504891,0
0.00026898505,0
0.00018658774,0
0.00013399177,0
0.00014029606,0
0.0003502214,0
0.00013727632,0
0.00012715592,0
0.00021269116,0
0.00013234538,0
0.00024951584,0
0.00011425978,0
0.0002916591,0
0.00022334357,0
0.00028486093,0
0.99946296,1
0.00019636116,0
0.9996572,1
0.00010842273,0
0.00014450845,0
0.00027049895,0
0.00018800957,0
0.00020373477,0
0.00038461163,0
0.99969006,1
0.0002738875,0
0.00027557585,0
0.00015658652,0
0.00017086009,0
0.99960977,1
0.00011806815,0
0.00014137701,0
0.00026000655,0
0.00014681212,0
0.99982786,1
0.00047456205,0
0.9997315,1
0.00011806624,0
0.00062652474,0
0.00035228053,0
0.0002938978,0
0.00012556727,0
0.9997692,1
0.00026346964,0
0.00019058966,0
0.00034262493,0
0.00022751352,0
0.0017844914,0
0.00015325299,0
0.00029262388,0
0.00011223568,0
0.99972916,1
0.00018962985,0
0.00037725226,0
0.00012776272,0
0.00032458076,0
0.9998083,1
0.0001771943,0
0.99959934,1
0.99953115,1
0.00041975843,0
0.000119032986,0
0.9997544,1
0.00016321428,0
0.0004801057,0
0.0008456838,0
0.00015292873,0
0.0003699624,0
0.00018555038,0
0.00018741738,0
0.00014254524,0
0.00014968176,0
0.9988915,1
0.9997769,1
0.9998117,1
0.00028713403,0
0.00012617238,0
0.9997692,1
0.00021167412,0
0.00010319194,0
0.00026618692,0
0.00012138174,0
0.0001525209,0
0.99978876,1
0.00035220847,0
0.00017286441,0
0.9992505,1
0.00013059148,0
0.00038989176,0
0.00021876318,0
0.00024891502,0
0.00027576857,0
0.00015605462,0
0.99977213,1
0.00041001124,0
0.0003033781,0
0.00027808177,0
0.00034469392,0
0.00024037529,0
0.9995824,1
0.00018980046,0
0.9997411,1
0.00016808239,0
0.00030414754,0
0.00023438706,0
0.00019088526,0
0.004165711,0
0.00013600296,0
0.00014557602,0
0.00019096628,0
0.00051203335,0
0.00042587594,0
0.0005322863,0
0.0010574209,0
0.00016691105,0
0.00030583394,0
0.00013951446,0
0.9998236,1
0.00023412365,0
0.99978495,1
0.00020858251,0
0.00014595245,0
0.00016178437,0
0.00014282895,0
0.99972826,1
0.99974626,1
0.9996558,1
0.9997192,1
0.0005588093,0
0.00031029334,0
0.99983495,1
0.00018535566,0
0.99959594,1
0.00050182285,0
0.00014606051,0
0.00024534288,0
0.0005688812,0
0.00021523955,0
0.00013953404,0
0.00043470753,0
0.9998026,1
0.99940586,1
0.00029498225,0
0.9997654,1
0.00015687424,0
0.00013076782,0
0.00013278329,0
0.00044281658,0
0.9997988,1
0.00018149358,0
0.00012591155,0
0.00013946126,0
0.00013358322,0
0.99882096,1
0.9996472,1
0.00014673626,0
0.00059388974,0
0.00012948392,0
0.00016812664,0
0.00017268036,0
0.00014192332,0
0.00024215733,0
0.00015381187,0
0.00023607562,0
0.99981076,1
0.00025275387,0
0.00014043316,0
0.00027119298,0
0.38609037,1
0.00020225265,0
0.0006686497,0
0.00045393067,0
0.0003701731,0
0.00028548972,0
0.00019791446,0
0.0002774291,0
0.9997897,1
0.00034810012,0
0.9998022,1
0.0002627247,0
0.0001484311,0
0.00015349081,0
0.00016523067,0
0.00013619362,0
0.00014217147,0
0.0001010293,0
0.9997592,1
0.00020950756,0
0.00013257453,0
0.0002268235,0
0.00014950229,0
0.0015673615,0
0.00047524503,0
0.00010606314,0
0.99983555,1
0.00036837425,0
0.00012467176,0
0.00017487023,0
0.9991914,1
0.00052024086,0
0.00022950642,0
0.0002813337,0
0.000118177864,0
0.00016347709,0
0.00024627353,0
0.00017259904,0
0.00018781066,0
0.00017378079,0
0.00019439895,0
0.99969053,1
0.00010518036,0
0.0001211635,0
0.00010610442,0
0.00024317908,0
0.00017014952,0
0.00039209626,0
0.00012926725,0
0.00035215841,0
0.0009197301,0
0.00023171713,0
0.00016382794,0
0.00027272658,0
0.00019939692,0
0.00013039348,0
0.00025692864,0
0.0005440194,0
0.0006991884,0
0.0003512297,0
0.00012065212,0
0.99972963,1
0.0001914948,0
0.00012639315,0
0.00012116997,0
0.00019990091,0
0.00025878107,0
0.99978924,1
0.0001925452,0
0.000103169805,0
0.0013608917,0
0.0007677802,0
0.00019668652,0
0.00042475987,0
0.9997449,1
0.9997669,1
0.0005450658,0
0.0006255742,0
0.00021227654,0
0.9998131,1
0.9997835,1
0.00013347014,0
0.00019987422,0
0.9997764,1
0.00012358752,0
0.0001967612,0
0.00017429514,0
0.00020235065,0
0.0001366791,0
0.00021487367,0
0.00017043501,0
0.999806,1
0.99978304,1
0.00013376091,0
0.999304,1
0.99982494,1
0.00031354465,0
0.999836,1
0.0003507838,0
0.00047852728,0
0.00015957444,0
0.00033742998,0
0.99952143,1
0.9991606,1
0.00048776346,0
0.00016100616,0
0.00014354724,0
0.00011434241,0
0.0002375984,0
0.0003152883,0
0.0004051879,0
0.9997521,1
0.00013670894,0
0.99976873,1
0.99976015,1
0.00019852656,0
0.00043543777,0
0.0002803366,0
0.00016695372,0
0.00015843715,0
0.0004473409,0
0.00024097113,0
0.00017128396,0
0.99979013,1
0.00023032207,0
0.00016480703,0
0.00030185172,0
0.00013490212,0
0.00015510665,0
9.97296e-05,0
0.0008211897,0
0.00012956111,0
0.0001705381,0
0.00012908014,0
0.99977165,1
0.0005353295,0
0.00033991807,0
0.00012925272,0
0.00018694611,0
0.00012561723,0
0.00021822308,0
0.0003513282,0
0.9996801,1
0.0001226949,0
0.00013822824,0
0.00016874782,0
0.00019679309,0
0.00014599116,0
0.99980015,1
0.000212751,0
0.9998022,1
0.00026028862,0
0.00036419643,0
0.0001770215,0
0.0003786103,0
0.99979013,1
0.00016828289,0
0.00011213682,0
0.00021961187,0
0.000120815275,0
0.00017953794,0
0.70564216,1
0.00013229514,0
0.0002619389,0
0.00015168899,0
0.99974626,1
0.00013084666,0
0.00011120475,0
0.000128591,0
0.00038495692,0
0.00016215911,0
0.00011175014,0
0.00013338972,0
0.00055514,0
0.00012913455,0
0.00014112766,0
0.38609037,1
0.00018951578,0
0.00019071002,0
0.0001416472,0
0.000526242,0
0.00019701918,0
0.99976736,1
0.9992681,1
0.00013504189,0
0.00015039204,0
0.0011065027,0
0.0002133856,0
0.00022644225,0
0.00028777772,0
0.999774,1
0.21360758,0
0.0001513419,0
0.00022614053,0
0.00011338163,0
0.00015894625,0
0.00013401323,0
0.00030919004,0
0.00020546881,0
0.9996767,1
0.00016401116,0
0.0005750035,0
0.00016431784,0
0.00021628215,0
0.00013523277,0
0.00016560376,0
0.99983174,1
0.0012292698,0
0.00014083201,0
0.0003085126,0
0.00014227293,0
0.00012425016,0
0.00030896076,0
0.00014055747,0
0.9997869,1
0.9998331,1
0.00011178703,0
0.99970824,1
0.0002043596,0
0.9963904,1
0.00021298994,0
0.00012734547,0
0.00037289856,0
0.0002851545,0
0.00017469538,0
0.00012880456,0
0.99243116,1
0.00015852692,0
0.0014505044,0
0.00021474418,0
0.00012659485,0
0.00016157252,0
0.0001650184,0
0.00022364857,0
0.00034836284,0
0.00024943353,0
0.000119818505,0
0.0004317753,0
0.00012421438,0
0.00023977796,0
0.00016968089,0
0.00011821282,0
0.9997878,1
0.00019769902,0
0.99983835,1
0.00016289286,0
0.0001616095,0
0.00023191985,0
0.00034953153,0
0.00022939242,0
0.00047312595,0
0.9997754,1
0.00017906616,0
0.9998088,1
0.00016055077,0
0.00014881024,0
0.9998193,1
0.9998083,1
0.00010873007,0
0.000118286334,0
0.00010130572,0
0.9997597,1
0.00021162974,0
0.00013539575,0
0.00011215628,0
0.00013244298,0
0.00011203868,0
0.9998236,1
0.0004490245,0
0.9990899,1
0.00011255038,0
0.00011994941,0
0.0001452058,0
0.00022515387,0
0.00039214018,0
0.999681,1
0.0002688076,0
0.00025498852,0
0.99979645,1
0.00026489035,0
0.00020657912,0
0.00015223215,0
0.00018144288,0
0.00011305836,0
0.00018364418,0
0.00022539278,0
0.00029683913,0
0.00020708724,0
0.00048474598,0
0.99976784,1
0.00016050883,0
0.00022724443,0
0.00030647716,0
0.00018851983,0
0.0001957369,0
0.00074117375,0
0.00014066932,0
0.9989748,1
0.0010732849,0
0.008468416,0
0.00015256963,0
0.00020902099,0
0.00016540283,0
0.000109390094,0
0.00019843571,0
0.00080829684,0
0.000118570955,0
0.00016242082,0
0.00015530233,0
0.00020775982,0
0.00016577584,0
0.0003716538,0
0.00015370085,0
0.999796,1
0.0001380209,0
0.00021769074,0
0.9996267,1
0.0005220121,0
0.00016155619,0
0.0004384526,0
0.00015865352,0
0.00012492217,0
0.0002597964,0
0.00012901454,0
0.00014635891,0
0.00027411195,0
0.0015666249,0
0.99973536,1
0.0010036674,0
0.00010641635,0
0.99969345,1
0.32068348,1
0.00011306224,0
0.00016460706,0
0.00013386531,0
0.00020185109,0
0.00018230108,0
0.99966395,1
0.0013907496,0
0.00025788357,0
0.00020877157,0
0.0006825572,0
0.000294906,0
0.9998336,1
0.9997997,1
0.00016001255,0
0.00015494713,0
0.9998026,1
0.00029727994,0
0.0001247887,0
0.9998269,1
0.00014146428,0
0.00012776734,0
0.00018157979,0
0.00023450868,0
0.000116214396,0
0.00016229124,0
0.002509125,1
0.00016591059,0
0.00013320896,0
0.00013545206,0
0.00019996993,0
0.00012386093,0
0.00021617225,0
0.00017833879,0
0.0001282674,0
0.00019254097,0
0.00020333414,0
0.0003588289,0
0.00043492194,0
0.9997344,1
0.00013182712,0
0.0001355407,0
0.0001350316,0
0.00022474972,0
0.00043715246,0
0.00040909223,0
0.0003727933,0
0.00016460847,0
0.11141168,0
0.00013457573,0
0.00018827118,0
0.00035952358,0
0.00019499926,0
0.9997421,1
0.00017958006,0
0.00014482964,0
0.00018198321,0
0.00013971739,0
0.000360966,0
0.00013573824,0
0.00019448927,0
0.0004360682,0
0.9996272,1
0.999702,1
0.00012508646,0
0.0024552476,0
0.00017339224,0
0.00018651338,0
0.00011542464,0
0.00017724634,0
0.00018579085,0
0.00013441002,0
0.00014916447,0
0.00064247573,0
0.00012282157,0
0.00035238956,0
0.00041074192,0
0.9996677,1
0.0010091169,0
0.9997483,1
0.00035964543,0
0.00060489465,0
0.0004055308,0
0.00012541779,0
0.00027349728,0
0.00018555108,0
0.00022317749,0
0.00011727632,0
0.00017122696,0
0.00017250213,0
0.00011075917,0
0.00036249956,0
0.0004800462,0
0.00016401084,0
0.00015626758,0
0.000119489756,0
0.00013554665,0
0.9997917,1
0.9998054,1
0.00011285477,0
0.00068835577,0
0.00012388053,0
0.00019527879,0
0.99976784,1
0.9995481,1
0.00016546059,0
0.00018556065,0
0.9998131,1
0.00026604632,0
0.00014481194,0
0.00025550704,0
0.99981356,1
0.00015216958,0
0.99913245,1
0.99976397,1
0.00019888624,0
0.9995202,1
0.00037829106,0
0.00014137472,0
0.000114969494,0
0.00015038443,0
0.00026564827,0
0.00017960576,0
0.00064173195,0
0.9998479,1
0.00045450355,0
0.00016922984,0
0.0001314406,0
0.00022702261,0
0.00019836683,0
0.9998217,1
0.00021578975,0
0.00020903215,0
0.99983555,1
0.00014843876,0
0.0002731509,0
0.00031521043,0
0.00015001644,0
0.00012658,0
0.99668175,1
0.00015675057,0
0.0007292266,0
0.00018391619,0
0.00010001792,0
0.00039296117,0
0.00014598614,0
0.00028510336,0
0.00040727278,0
0.00029275817,0
0.00026713955,0
0.00022638611,0
0.9997592,1
0.9998431,1
0.00029108554,0
0.00014327398,0
0.00011155124,0
0.0041222195,0
0.00012349694,0
0.00020790372,0
0.000120516066,0
0.00057520834,0
0.00016877019,0
0.9997692,1
0.9996801,1
0.00072029245,0
0.00012698311,0
0.0002693596,0
0.00032822523,0
0.00015391209,0
0.00011923988,0
0.99975586,1
0.00017305327,0
0.9997988,1
0.0002060021,0
0.99792075,1
0.0001665628,0
0.99980736,1
0.99977785,1
0.00012111267,0
0.00025975253,0
0.00070820213,0
0.00047924317,0
0.00017554846,0
0.00019450986,0
0.99979013,1
0.00015743253,0
0.0004641647,0
0.00019891505,0
0.0002133404,0
0.00013531648,0
0.00010465427,0
0.00013418306,0
0.000120308454,0
0.99982125,1
0.00011567811,0
0.9996263,1
0.00014434812,0
0.00021167171,0
0.99979496,1
0.9996739,1
0.000113955415,0
0.9997806,1
0.0001391302,0
0.00017356896,0
0.0020971575,0
0.9997315,1
0.00021222352,0
0.9992343,1
0.00031798665,0
0.0006060053,0
0.00055131334,0
0.00033836305,0
0.9996255,1
0.00020833084,0
0.0001558443,0
0.0007015291,0
0.00020089584,0
0.00018236386,0
0.00017997679,0
0.9991452,1
0.00011517427,0
0.00034469392,0
0.000107960084,0
0.00029022677,0
0.0008815534,0
0.9997969,1
0.00013775553,0
0.99978495,1
0.0003357475,0
0.023614245,1
0.0010801426,0
0.9997669,1
0.000102642014,0
0.000117568816,0
0.00045907765,0
0.9998345,1
0.00010912366,0
0.00029235473,0
0.00091977575,0
0.00018084912,0
0.99976397,1
0.00016106514,0
0.99966395,1
0.00023687756,0
0.00018405955,0
0.0005760252,0
0.0001626124,0
0.00041207243,0
0.00026126578,0
0.00010949008,0
0.00016702729,0
0.00014012624,0
0.0001489403,0
0.00017629469,0
0.00015154801,0
0.00010920018,0
0.00020848826,0
0.999774,1
0.0002329053,0
0.00011747109,0
0.000110112924,0
0.00018785671,0
0.0003926881,0
0.00012631397,0
0.00017556336,0
0.9998465,1
0.00018848317,0
0.00020967385,0
0.0006486055,0
0.9996138,1
0.00012316267,0
0.0001087369,0
0.00031287016,0
0.00026814474,0
0.00013037956,0
0.00012180348,0
0.9996079,1
0.00021185951,0
0.0001342701,0
9.863081e-05,0
0.00017504909,0
0.99980736,1
0.99966395,1
0.9997435,1
0.99957544,1
0.00011645326,0
0.0001660369,0
0.0001869593,0
0.00014298077,0
0.000110837565,0
0.00013322929,0
0.00021153991,0
0.0002798608,0
0.00011153869,0
0.000119434604,0
0.0069910586,0
0.00019969494,0
0.0004233418,0
0.00014181885,0
0.00015401457,0
0.99955666,1
0.99970484,1
0.9996439,1
0.00012553937,0
0.9997421,1
0.00028411974,0
0.00018803199,0
0.0001320438,0
0.00066326343,0
0.00014409449,0
0.00012592284,0
0.00014002525,0
0.00014918623,0
0.00038624182,0
0.00043076597,0
0.99980927,1
0.00020991355,0
0.998825,1
0.999836,1
0.00011356063,0
0.00011745161,0
0.00035686814,0
0.00018362439,0
0.00018169932,0
0.0021048393,0
0.9997883,1
0.00015985651,0
0.9997578,1
0.0038945791,0
0.99981076,1
0.0020504827,0
0.00067862385,0
0.001160904,0
0.0005588344,0
0.00016727915,0
0.0001630203,0
0.0002658196,0
0.00056719535,0
0.00016005393,0
0.00023184666,0
0.00011147955,0
0.9996107,1
0.00017123218,0
0.00015685361,0
0.0003314001,0
0.00017340548,0
0.00021275668,0
0.99970484,1
0.00022532293,0
0.00042560327,0
0.0016293506,0
0.99969774,1
0.00013431646,0
0.99975306,1
0.0001522606,0
0.00016629076,0
0.9998012,1
0.00016076528,0
0.99982446,1
0.00019914188,0
0.00012869676,0
0.0002472544,0
0.00012156652,0
0.00020473551,0
0.0006063765,0
0.0002447906,0
0.9997774,1
0.00016887177,0
0.0046276036,0
0.00011463437,0
0.99979264,1
0.00017255738,0
0.00027273776,0
0.00032178714,0
0.00020945398,0
0.9998231,1
0.9997492,1
0.00010309721,0
0.00021812884,0
0.00020929147,0
0.9997783,1
0.00024535786,0
0.00021164062,0
0.99976873,1
0.99850595,1
0.00041390696,0
0.9994766,1
0.0010365536,0
0.0002934718,0
0.00023067028,0
0.9997797,1
0.00035803003,0
0.00035975577,0
0.00021065574,0
0.00014471215,0
0.00021288071,0
0.99905413,1
0.00015948132,0
0.00019729334,0
0.00024907198,0
0.00018535301,0
0.00023372658,0
0.00015553295,0
0.00014591125,0
0.0002344208,0
0.00010463929,0
0.00014301474,0
0.9994108,1
0.99932027,1
0.00018174334,0
0.0001577209,0
0.00016601538,0
0.00022023478,0
0.00023758186,0
0.99972105,1
0.00014074179,0
0.00026147143,0
0.00011886702,0
0.00021517818,0
0.00016658506,0
0.00016433837,0
0.00017001975,0
0.9997826,1
0.00017519406,0
0.00019012058,0
0.000275589,0
0.999773,1
0.00028931236,0
0.00029668715,0
0.999816,1
0.00017171181,0
0.0002516398,0
0.9997411,1
0.00017257239,0
0.00031355215,0
0.00025431922,0
0.00016215199,0
0.00014007655,0
0.00016703621,0
0.00012718406,0
0.9998149,1
0.00018118643,0
0.00015495718,0
0.000437101,0
0.00034025375,0
0.00016865096,0
0.0001482571,0
0.00027515358,0
0.00012679287,0
0.00041791165,0
0.00021775576,0
0.00011937517,0
0.00013687606,0
0.00021781724,0
0.9996222,1
0.99970347,1
0.0007186118,0
0.9997726,1
0.00014892966,0
0.00017590626,0
0.00011444365,0
0.00088363996,0
0.0002775336,0
0.9997783,1
0.00015068403,0
0.9998431,1
0.9996096,1
0.00021812323,0
0.00029384063,0
0.00013515825,0
0.0001867015,0
0.00040461158,0
9.6532545e-05,0
0.0004192479,0
0.0001231891,0
0.00017660871,0
0.00030501778,0
0.0001139816,0
0.00062476814,0
0.00014443348,0
0.00037908668,0
0.0010046584,0
0.00023349086,0
0.00018170124,0
0.00018409063,0
0.00013739448,0
0.0002422689,0
0.00021410534,0
9.400815e-05,0
0.00045748134,0
0.00029923863,0
0.00031392375,0
0.9997802,1
0.99983174,1
0.00014772445,0
0.00013086562,0
0.00023438458,0
0.00030300915,0
0.00018744473,0
0.00033581664,0
0.0001600988,0
0.00025075104,0
0.0006282272,0
0.0001200831,0
0.00015266336,0
0.9996744,1
0.0005933243,0
0.9997444,1
0.00011269107,0
0.000197022,0
0.00028767672,0
0.0002143115,0
0.0001120389,0
0.00021869101,0
0.00022640554,0
0.99938864,1
0.0001413034,0
0.0008999192,0
0.00021334103,0
0.00021769074,0
0.00017702166,0
0.00010910982,0
0.000118016134,0
0.00017365107,0
0.00039800376,0
0.00017099408,0
0.00014255679,0
0.00016005729,0
0.00016708783,0
0.00025186336,0
0.00016659744,0
0.0006255742,0
0.0001658451,0
0.99945676,1
0.00013482236,0
0.0005562652,0
0.0005975852,0
0.00021131067,0
0.0002524602,0
0.00032617853,0
0.00020743709,0
0.99971104,1
0.9998388,1
9.529415e-05,0
0.00016593748,0
0.00020876998,0
0.9996632,1
0.0002309551,0
0.00017469686,0
0.00042367322,0
0.00013868802,0
0.00017134276,0
0.9997278,1
0.9995941,1
0.00031340384,0
0.00012398194,0
0.00020970585,0
0.0013916378,0
0.0001370435,0
0.0009915514,0
0.0003130206,0
0.99965394,1
0.00018677005,0
0.9998302,1
0.00018536096,0
0.0004634926,0
0.9996876,1
0.00023752771,0
0.00014211319,0
0.00010199253,0
0.00028206361,0
0.0004826798,0
0.9997449,1
0.0006840051,0
0.99982494,1
0.00014541644,0
0.99978536,1
0.00023945849,0
0.0001355619,0
0.00019121887,0
0.00011328824,0
0.00012754578,0
0.00026338673,0
0.0001895091,0
0.99980783,1
0.00038748072,0
0.00014868441,0
0.00016022865,0
0.00025534673,0
0.00029262388,0
0.00043843087,0
0.0001824665,0
0.00018666606,0
0.99978536,1
0.00021658101,0
0.0002598883,0
0.0014840612,0
0.9997321,1
0.0001717562,0
0.00015211025,0
0.00041363155,0
0.00015349564,0
0.00025332265,0
0.0001475026,0
0.9996762,1
0.0002327876,0
0.0001994671,0
0.0003785827,0
0.99980974,1
0.0001868618,0
0.00017652231,0
0.000114452596,0
0.00031504032,0
0.9997444,1
0.0001921312,0
0.00019749005,0
0.9995647,1
0.00026699185,0
0.0001801485,0
0.00048448352,0
0.00015753406,0
0.00015484254,0
0.00025229025,0
0.00012566514,0
0.99981695,1
0.9993403,1
0.00019589768,0
0.9997883,1
0.00030851967,0
0.0007958895,0
0.00054758304,0
0.00042775646,0
0.00072268693,0
0.00016782116,0
0.00021240453,0
0.00024105939,0
0.00019999969,0
0.00035186097,0
0.0004903026,0
0.9997101,1
0.00016307783,0
0.9994438,1
0.997177,1
0.00022104614,0
0.00018691903,0
0.9995416,1
0.00016540474,0
0.00013947082,0
0.00014318328,0
0.00011551638,0
0.00036878744,0
0.0009867715,0
0.00019206617,0
0.0001950863,0
0.00015747547,0
0.99978876,1
0.9997101,1
0.00015708878,0
0.99974585,1
0.00013960684,0
0.0002682153,0
0.00024848527,0
0.00011016345,0
0.00015390679,0
0.64469564,0
0.0003050905,0
0.00017779147,0
0.000127935,0
0.00037390113,0
0.00027301832,0
0.9997935,1
0.00012942503,0
0.00014237473,0
0.00015843578,0
0.0001791432,0
0.0003118496,0
0.9997344,1
0.0002855567,0
0.00017107696,0
0.9998374,1
0.00036446535,0
0.00013965344,0
0.9998288,1
0.00014876782,0
0.99472916,0
0.9997783,1
0.99982446,1
0.00020784819,0
0.9997912,1
0.00022098797,0
0.9983724,1
0.00017537191,0
0.00017998485,0
0.0001277866,0
0.99973917,1
0.99983835,1
0.00015416108,0
0.00013767647,0
0.00020726169,0
0.9997754,1
0.00014587537,0
0.0001117039,0
0.9997658,1
0.9997726,1
0.00065495,0
0.000104297076,0
0.00014171434,0
0.00020402543,0
0.00012781366,0
0.00027482945,0
0.99976164,1
0.9997569,1
0.9996801,1
0.00015544948,0
0.9997883,1
0.004965683,0
0.99978495,1
0.00015648382,0
0.00016204349,0
0.0002084811,0
0.00044272537,0
0.9996872,1
0.00013227583,0
0.00032228592,0
0.0001566506,0
0.00010780811,0
0.9994868,1
0.00020308782,0
0.00052630476,0
0.00020437344,0
0.9996518,1
0.00014969317,0
0.00063489797,0
0.00016398205,0
0.99978304,1
0.0002698548,0
0.0006963646,0
0.00036354095,0
0.00028109955,0
0.00025836064,0
0.00019265579,0
0.0007240818,0
0.0004276237,0
0.9997878,1
0.00033381046,0
0.00020819934,0
0.0012470263,0
0.99971485,1
0.00017384229,0
0.00011618669,0
0.9996744,1
0.00017461825,0
0.00011290815,0
0.9995731,1
0.00037181407,0
0.99970007,1
0.00037141147,0
0.000332517,0
0.00011991098,0
0.000110815585,0
0.00010034744,0
0.00023040731,0
0.0004611903,0
0.0001403678,0
0.00016655329,0
0.9995371,1
0.00016150904,0
0.00015484757,0
0.00016042923,0
0.00019872698,0
0.00034676187,0
0.0026975975,0
0.00017181649,0
0.00058514427,0
0.99959546,1
0.9997569,1
0.0002701607,0
0.00037293375,0
0.00023882423,0
0.9997187,1
0.00015856471,0
0.0005071788,0
0.9996844,1
0.00011681309,0
0.0001413812,0
0.9997658,1
0.00030226566,0
0.00019270557,0
0.00018562225,0
0.0001613277,0
0.0002786738,0
0.00012719618,0
0.00014652622,0
0.99975014,1
0.00018614999,0
0.0004164525,0
0.00015039634,0
0.00011551968,0
0.99978167,1
0.00055514,0
0.9998049,1
0.9997478,1
0.99972254,1
0.00012439693,0
0.00016079134,0
0.00024401795,0
0.99288553,1
0.99973583,1
0.00010158008,0
0.99970484,1
0.9996506,1
0.0001908061,0
0.00086717383,0
0.00021539416,0
0.0001222991,0
0.00013158133,0
0.99956715,1
0.9997621,1
0.99968195,1
0.99981785,1
0.00032025581,0
0.99977213,1
0.99976826,1
0.00023587914,0
0.0002407458,0
0.00012115576,0
0.00014575523,0
0.00023089035,0
0.00021608858,0
0.9998197,1
0.00016482934,0
0.000118999844,0
0.0002389076,0
0.00013013608,0
0.9997735,1
0.0003903764,0
0.000100455356,0
0.00033438622,0
0.0006900756,0
0.00022609957,0
0.00010259035,0
0.00018384044,0
0.00022274925,0
0.00020480425,0
0.000595035,0
0.000112092544,0
0.9997874,1
0.0002984031,0
0.0001637061,0
0.00017554327,0
0.00019925492,0
0.000119763325,0
0.0002154745,0
0.00015884095,0
0.00031057606,0
0.0001596635,0
0.00011368328,0
0.00015222808,0
0.00021838819,0
0.00023509783,0
0.0002521313,0
0.00015149786,0
0.9997101,1
0.000139992,0
0.99975395,1
0.0002566453,0
0.00019118971,0
0.00011458301,0
0.0001246934,0
0.00016067637,0
0.00020007599,0
0.00041643265,0
0.00011307022,0
0.0002816467,0
0.00040433058,0
0.00010272163,0
0.9989525,1
0.9998397,1
0.0002914311,0
0.99976736,1
0.00044367704,0
0.0049423887,0
0.00015626504,0
0.00025716983,0
0.00035723127,0
0.00030319707,0
0.0001788982,0
0.0002883395,0
0.00023191566,0
0.00018931943,0
0.00016755216,0
0.00015711455,0
0.00013552842,0
0.9998226,1
0.00022151634,0
0.999396,1
0.00020829508,0
0.00020370794,0
0.00055826124,0
0.00036157112,0
0.000109436005,0
0.00027430992,0
0.9997906,1
0.00011024984,0
0.00015170548,0
0.00025038663,0
0.00021532063,0
0.99958116,1
0.00025675667,0
0.00024438964,0
0.00033644013,0
0.00043620754,0
0.0001197567,0
0.9997444,1
0.00013187467,0
0.00010432383,0
0.9997954,1
0.00018367467,0
0.00015155118,0
0.00020799552,0
0.0001166074,0
0.99958855,1
0.00015024436,0
0.00017981656,0
0.0001925026,0
0.00025075677,0
0.9996924,1
0.00017223744,0
0.00013978162,0
0.99965197,1
0.99974966,1
0.0001042733,0
0.00013344876,0
0.00025041433,0
0.000169801,0
0.00017624511,0
0.00025149732,0
0.9993541,1
0.00017753766,0
0.99923307,1
0.99978167,1
0.000175296,0
0.00020276173,0
0.99974257,1
0.00018974507,0
0.00015147778,0
0.00015731696,0
0.00012112099,0
0.00014354354,0
0.0004263629,0
0.00032900117,0
9.6172254e-05,0
0.00013893942,0
0.00024561703,0
0.00015098929,0
0.99967915,1
0.00028029192,0
0.0002112615,0
0.00059420307,0
0.00020938848,0
0.9996839,1
0.00031379864,0
0.00029321417,0
0.0001484835,0
0.99923784,1
0.00091173715,0
0.000240623,0
0.00013059858,0
0.00034254554,0
0.00011654513,0
0.00019571748,0
0.00013977256,0
0.00042188363,0
0.006071759,0
0.000114960174,0
0.99980783,1
0.00013027342,0
0.00033166033,0
0.0003023196,0
0.99980646,1
0.00051296054,0
0.00013920029,0
0.00054542714,0
0.9998165,1
0.00012953715,0
0.0001713565,0
0.0002060414,0
0.00030420208,0
0.00031687293,0
0.00019262564,0
0.00016328091,0
0.00016773731,0
0.00019753282,0
0.000529635,0
0.00022751286,0
0.00022500641,0
0.9997235,1
0.00011930939,0
0.000108976616,0
0.9997878,1
0.99894357,1
0.000113871116,0
0.00035827802,0
0.0002779211,0
0.00047664146,0
0.0008014,0
0.0005801949,0
0.00015845348,0
0.00037155562,0
0.00019575946,0
0.00018715375,0
0.00025724884,0
0.00029030154,0
0.00033379998,0
0.99941915,1
0.0025248176,0
0.00047323425,0
0.0003684224,0
0.00024380232,0
0.00013457675,0
0.00015854054,0
0.00017492128,0
0.00021261489,0
0.9998017,1
0.00018728625,0
0.00019117219,0
0.00016935593,0
0.9997583,1
0.00037503394,0
0.00018051329,0
0.000114818286,0
0.00023908858,0
0.00015438265,0
0.99980736,1
0.00034025375,0
0.0001632705,0
0.00053806376,0
0.00028625035,0
0.00021629968,0
0.000104881176,0
0.00012241486,0
0.00020947636,0
0.00016192545,0
0.00022522152,0
0.00011650513,0
0.00011166831,0
0.00027404792,0
0.0001112073,0
0.00011174982,0
0.99977493,1
0.00028189202,0
0.00050505454,0
0.00016548632,0
0.00016465118,0
0.0002542901,0
0.00012174379,0
0.00033919612,0
0.99972254,1
0.0001707298,0
0.00013491305,0
0.99983174,1
0.0001568946,0
0.00014862404,0
0.00026781962,0
0.0023351526,1
0.0002156591,0
0.9996549,1
0.00013866025,0
0.0008162193,0
0.00026013132,0
0.00015796672,0
0.00066326343,0
0.0010633073,0
0.00036064663,0
0.00013734744,0
0.00017348157,0
0.00037929788,0
0.00012567258,0
0.000371469,0
0.00011628046,0
0.00021626442,0
0.99964505,1
0.00010709959,0
0.0001445658,0
0.00014978256,0
0.00031036822,0
0.00018714234,0
0.000109131055,0
0.00022096775,0
0.00023632408,0
0.004387726,0
0.00012504184,0
0.00021298486,0
0.00019583156,0
0.00028994185,0
0.00050542195,0
0.00016491898,0
0.00013856335,0
0.00014258752,0
0.00016144161,0
0.00020946658,0
0.00063164276,0
0.0005370999,0
0.00014478074,0
0.00013685726,0
0.00010501419,0
0.00012508167,0
0.00018328306,0
0.000108266926,0
0.00021510308,0
0.9997874,1
0.00022511673,0
0.99969673,1
0.00017690826,0
0.0002657177,0
0.00012425431,0
0.0001562315,0
0.00029828184,0
0.00020957387,0
0.00034637962,0
0.00031198584,0
0.9996403,1
0.00034945257,0
0.00015180708,0
0.999784,1
0.00035145704,0
0.00016980943,0
0.0002465675,0
0.00020584244,0
0.00061779685,0
0.0020317414,0
0.99949986,1
0.00045063836,0
0.0016845429,0
0.00020645662,0
0.00025703502,0
0.00036442195,0
0.0002652746,0
0.00021800738,0
0.00014903166,0
0.00024441225,0
0.00037145853,0
0.00023281423,0
0.0004065467,0
0.00016853938,0
0.00013204908,0
0.9997578,1
0.99976015,1
0.00027209817,0
0.00025347003,0
0.0003118101,0
0.00014583934,0
0.00017024139,0
0.00025234226,0
0.00014394725,0
0.0003113973,0
0.000111264686,0
0.00013380112,0
0.0005873146,0
0.00020270064,0
0.99977016,1
0.9997258,1
0.00014534823,0
0.00014156372,0
0.00014783298,0
0.999844,1
0.00048096883,0
0.00016575497,0
0.00015456813,0
0.9998397,1
0.000115249546,0
0.004959495,0
0.9998202,1
0.00015886927,0
0.0001290549,0
0.99966294,1
0.0003014001,0
0.00063077506,0
0.00014876372,0
0.0002382078,0
0.00036599464,0
0.99981123,1
0.00013332866,0
0.00017920589,0
0.00037155172,0
0.9997917,1
0.99977016,1
0.00051578454,0
0.0002086034,0
0.9998017,1
0.00012764044,0
0.0036582227,0
0.00019781219,0
0.00012303071,0
0.0002108097,0
0.00010067718,0
0.00021001164,0
0.00015595285,0
0.00015335005,0
0.00017149677,0
0.00016745793,0
0.00013091107,0
0.99983215,1
0.00042314906,0
0.9998408,1
0.0002848585,0
0.00012385123,0
0.99981016,1
0.00027691972,0
0.00011535587,0
0.00030715892,0
0.00017291008,0
0.00020886079,0
0.0001331904,0
0.00014193427,0
0.00086415524,0
0.00015364488,0
0.0014039853,0
0.00012757923,0
0.00012605813,0
0.9997092,1
0.00021031009,0
0.00074100343,0
0.00029466848,0
0.00025621612,0
0.99976104,1
0.00022304813,0
0.0001664577,0
0.9991037,1
0.00019469709,0
0.00011761738,0
0.99965394,1
0.0005148356,0
0.00021687061,0
0.00015529743,0
0.00010174703,0
0.00017005122,0
0.99969715,1
0.9997378,1
0.00029130882,0
0.00047783388,0
0.00018657245,0
0.0002977487,0
0.99983925,1
0.9998365,1
0.00010654256,0
0.0028342623,0
0.00014566614,0
0.9997954,1
0.00015264167,0
0.9997983,1
0.9996882,1
0.9997912,1
0.00014278524,0
0.00064596627,0
0.99965394,1
0.00017206195,0
0.0002528783,0
0.00018194105,0
0.00014646168,0
0.00013960898,0
0.999701,1
0.0006690343,0
0.0001289619,0
0.00010797429,0
0.0014084228,0
0.00031177528,0
0.00047233363,0
0.00014755099,0
0.99979013,1
0.00024817977,0
0.00015273108,0
0.00022493325,0
0.0004042857,0
0.0013721671,0
0.0006201036,0
0.00014524611,0
0.00018569024,0
0.00019464624,0
0.00016930248,0
0.9998465,1
0.0017482797,0
0.00020299428,0
0.00015015298,0
0.9997945,1
0.00021110605,0
0.00044411139,0
0.00014879889,0
0.00020481207,0
0.00019843456,0
0.9995485,1
0.00016384418,0
0.00019092148,0
0.9998083,1
0.000107565436,0
0.00015147215,0
0.00012443704,0
0.0002792985,0
0.00029969699,0
0.99979013,1
0.00026160013,0
0.00014420062,0
0.00013300267,0
0.0005217488,0
0.00017660012,0
0.00022695008,0
0.00028611824,0
0.0019905958,0
0.00024273836,0
0.9997506,1
0.99983925,1
0.999816,1
0.00030775444,0
0.00010029893,0
0.000104058534,0
0.00034558758,0
0.0012033245,0
0.00030352137,0
0.99978876,1
0.00020901662,0
0.00020669737,0
0.0002809382,0
0.9990834,1
0.00026856494,0
0.9995938,1
0.9993682,1
0.00019471883,0
0.9997015,1
0.00012653039,0
0.00029455524,0
0.9996244,1
0.0001604577,0
0.00010704579,0
